"Index","ID","Query","SmilesRan","Error","Exp_-Log10(mol/L)","Pred_Hierarchical clustering_-Log10(mol/L)","Pred_Single model_-Log10(mol/L)","Pred_Group contribution_-Log10(mol/L)","Pred_Nearest neighbor_-Log10(mol/L)","Pred_Consensus_-Log10(mol/L)"
"1","C_MTUBMTPWQGVXCG-UDDZTRNDSA-N","O=C([C@@H](CCC(N)=O)NC1=O)NCC(N2[C@@H](CCC2)C(N3[C@@H](CCC3)C(N[C@H]([C@@H](C)CC)C(N[C@@H](CO)C(N/C(C(N[C@@H]([C@@H](C)O)C(N[C@H](CCC4=CC=CC=C4)C(N5[C@@H](CCC5)C(NC(CC(OC([C@H](CC(C)C)N(C)C(C)=O)=O)CC(O)CC6=CC=CC=C6)C1O)=O)=O)=O)=O)=C/C)=O)=O)=O)=O)=O","O=C1NC(C(=O)NC(C(=O)N2CCCC2C(=O)NC(CC(OC(=O)C(N(C(=O)C)C)CC(C)C)CC(O)CC=3C=CC=CC3)C(O)C(=O)NC(C(=O)NCC(=O)N4CCCC4C(=O)N5CCCC5C(=O)NC(C(=O)NC(C(=O)NC1=CC)CO)C(C)CC)CCC(=O)N)CCC=6C=CC=CC6)C(O)C","","N/A","N/A","N/A","N/A","4.31","N/A"
"2","C_ODQWSGPULNHBGL-MCIOLPHXSA-N","O=C([C@@H](CCC(N)=O)NC1=O)NCC(N2[C@@H](CCC2)C(N3[C@@H](CCC3)C(N[C@H]([C@@H](C)CC)C(N[C@@H](CO)C(N/C(C(N[C@@H]([C@@H](C)O)C(N[C@H](CCC4=CC=C(OC)C=C4)C(N5[C@@H](CCC5)C(NC(CC(OC([C@H](CC(C)C)N(C)C(C)=O)=O)CC(O)CC6=CC=CC=C6)C1O)=O)=O)=O)=O)=C/C)=O)=O)=O)=O)=O","O=C1NC(C(=O)NC(C(=O)N2CCCC2C(=O)NC(CC(OC(=O)C(N(C(=O)C)C)CC(C)C)CC(O)CC=3C=CC=CC3)C(O)C(=O)NC(C(=O)NCC(=O)N4CCCC4C(=O)N5CCCC5C(=O)NC(C(=O)NC(C(=O)NC1=CC)CO)C(C)CC)CCC(=O)N)CCC6=CC=C(OC)C=C6)C(O)C","","N/A","N/A","N/A","N/A","4.31","N/A"
"3","C_QONBOMKYCJJCSL-WLKXNXGUSA-N","CCC([C@H]1C(N[C@@H]([C@@H](O)C)C(N[C@H](C(C)C)C(N[C@@H](C(C)C)C(N[C@@H](C(C)C)C(N[C@H](CC2=CC=CC=C2)C(N[C@@H](C(C)C)C(N/C(C(N[C@@H](CCCNC(N)=N)C(N[C@@H](CC3=CC=C(O)C=C3)C(N[C@@H](CCSC)C(N[C@@H](C(C)C)C(N[C@H]([C@H](O)C)C(N1)=O)=O)=O)=O)=O)=O)=C\C)=O)=O)=O)=O)=O)=O)=O)C","O=C1NC(C(=O)NC(C(=O)NC(C(=O)NC(C(=O)NC(C(=O)NC(C(=O)NC(C(=O)NC(C(=O)NC(C(=O)NC(C(=O)NC(C(=O)NC(C(=O)NC1=CC)C(C)C)CC=2C=CC=CC2)C(C)C)C(C)C)C(C)C)C(O)C)C(C)CC)C(O)C)C(C)C)CCSC)CC3=CC=C(O)C=C3)CCCNC(=N)N","","N/A","N/A","N/A","N/A","4.11","N/A"
"4","24123-14-6","OC(CNCCN)=O","O=C(O)CNCCN","","N/A","3.59","2.35","3.21","2.30","2.86"
"5","C_OXQJFBVEKRZTDE-JTQLQIEISA-N","OC[C@@](O)(CC1=O)CC(NCCS(=O)(O)=O)=C1OC","O=C1C(OC)=C(NCCS(=O)(=O)O)CC(O)(CO)C1","","N/A","N/A","N/A","N/A","N/A","N/A"
"6","C_HEUSSFSVKKVAFQ-UODGXBKSSA-N","O[C@@H]1[C@@H](O)[C@H](O)[C@@H](CN)O[C@H]1OC[C@H](O)[C@H](O)[C@H](O)CC[C@H](C)[C@H]2C3CC[C@@]4(C)[C@]5(C)CCC6C(C)(C)CCC[C@]6(C)C5CCC4[C@@]3(C)CC2","OC(COC1OC(CN)C(O)C(O)C1O)C(O)C(O)CCC(C)C2CCC3(C)C2CCC4(C)C3CCC5C6(C)CCCC(C)(C)C6CCC54C","","N/A","5.33","4.82","5.49","4.95","5.15"
"7","C_LZMVCENJBDTSPS-VFHZWBAFSA-N","CCCCCCCCCCCCCC1=CC(=C(C(=C1)O[C@H]2[C@@H]([C@H]([C@@H](CO2)O)O)O)CCCCCC(CCCCCC)Cl)O","ClC(CCCCCC1=C(O)C=C(C=C1OC2OCC(O)C(O)C2O)CCCCCCCCCCCCC)CCCCCC","","N/A","6.64","6.28","5.40","5.68","6.00"
"8","C_OTVIJJKBILNRLT-WPQQXQCVSA-N","CCCCCCCCCCCC1=CC(=C(C(=C1)O[C@H]2[C@@H]([C@H]([C@@H](CO2)O)O)O)CCCCCC(CCCCCC)Cl)O","ClC(CCCCCC1=C(O)C=C(C=C1OC2OCC(O)C(O)C2O)CCCCCCCCCCC)CCCCCC","","N/A","6.44","6.11","5.20","5.68","5.86"
"9","C_SNZCABRUTZVTFC-KJIMCQFPSA-N","CCCCCCCCCC(CCCCCC1=CC(=C(C(=C1)O[C@H]2[C@@H]([C@H]([C@@H](CO2)O)O)O)CCCCCC(CCCCCC)Cl)O)Cl","ClC(CCCCCC1=C(O)C=C(C=C1OC2OCC(O)C(O)C2O)CCCCCC(Cl)CCCCCCCCC)CCCCCC","","N/A","6.96","6.71","5.70","5.68","6.26"
"10","C_IWIZOMWAHIZTOM-ZQWJTRQNSA-N","CCCCCCCCC(CCCCCC1=CC(=C(C(=C1)O[C@H]2[C@@H]([C@H]([C@@H](CO2)O)O)O)CCCCCC(CCCCCC)Cl)O)Cl","ClC(CCCCCC1=C(O)C=C(C=C1OC2OCC(O)C(O)C2O)CCCCCC(Cl)CCCCCCCC)CCCCCC","","N/A","6.77","6.63","5.60","5.68","6.17"
"11","C_LWFZKXMCJDHBNJ-SLKDEOFASA-N","CCCCCCCC(CCCCCC1=CC(=C(C(=C1)O[C@H]2[C@@H]([C@H]([C@@H](CO2)O)O)O)CCCCCC(CCCCCC)Cl)O)(Cl)Cl","ClC(CCCCCC1=C(O)C=C(C=C1OC2OCC(O)C(O)C2O)CCCCCC(Cl)(Cl)CCCCCCC)CCCCCC","","N/A","6.85","6.65","5.90","4.67","6.02"
"12","C_LJLORIMRLLORHA-LNSHLUEESA-N","CCCCCCC(CCCCCC1=CC(=C(C(=C1)O[C@H]2[C@@H]([C@H]([C@@H](CO2)O)O)O)CCCCCC(CCCCCC)Cl)O)Cl","ClC(CCCCCC1=CC(O)=C(C(OC2OCC(O)C(O)C2O)=C1)CCCCCC(Cl)CCCCCC)CCCCCC","","N/A","6.56","6.46","5.40","4.93","5.84"
"13","C_NYUHMGANIQYFOK-ANHKVXBOSA-N","CCCCCCC(CCCCCC1=C(C=C(C=C1O[C@H]2[C@@H]([C@H]([C@@H](CO2)O)O)O)CCCCCCC(CCCC)Cl)O)Cl","ClC(CCCC)CCCCCCC1=CC(O)=C(C(OC2OCC(O)C(O)C2O)=C1)CCCCCC(Cl)CCCCCC","","N/A","6.45","6.35","5.31","4.93","5.76"
"14","C_AGAUYSZNDYQXOM-WEVIMLSJSA-N","C[C@]12C(C(CCC2)(C)C)CC[C@@]3(C1CCC4[C@@]3(C)CCC5[C@]4(C)CC[C@@H]5[C@@H](CCC(C(C(O)CO[C@H]6[C@@](O)([C@H]([C@@H]([C@H]6N)O)O)CO)O)O)C)C","OCC1(O)C(O)C(O)C(N)C1OCC(O)C(O)C(O)CCC(C)C2CCC3(C)C2CCC4(C)C3CCC5C6(C)CCCC(C)(C)C6CCC54C","","N/A","5.51","4.79","5.35","4.95","5.15"
"15","C_MTUBMTPWQGVXCG-UDDZTRNDSA-N","O=C([C@@H](CCC(N)=O)NC1=O)NCC(N2[C@@H](CCC2)C(N3[C@@H](CCC3)C(N[C@H]([C@@H](C)CC)C(N[C@@H](CO)C(N/C(C(N[C@@H]([C@@H](C)O)C(N[C@H](CCC4=CC=CC=C4)C(N5[C@@H](CCC5)C(NC(CC(OC([C@H](CC(C)C)N(C)C(C)=O)=O)CC(O)CC6=CC=CC=C6)C1O)=O)=O)=O)=O)=C/C)=O)=O)=O)=O)=O","O=C1NC(C(=O)NC(C(=O)N2CCCC2C(=O)NC(CC(OC(=O)C(N(C(=O)C)C)CC(C)C)CC(O)CC=3C=CC=CC3)C(O)C(=O)NC(C(=O)NCC(=O)N4CCCC4C(=O)N5CCCC5C(=O)NC(C(=O)NC(C(=O)NC1=CC)CO)C(C)CC)CCC(=O)N)CCC=6C=CC=CC6)C(O)C","","N/A","N/A","N/A","N/A","4.31","N/A"
"16","C_ODQWSGPULNHBGL-MCIOLPHXSA-N","O=C([C@@H](CCC(N)=O)NC1=O)NCC(N2[C@@H](CCC2)C(N3[C@@H](CCC3)C(N[C@H]([C@@H](C)CC)C(N[C@@H](CO)C(N/C(C(N[C@@H]([C@@H](C)O)C(N[C@H](CCC4=CC=C(OC)C=C4)C(N5[C@@H](CCC5)C(NC(CC(OC([C@H](CC(C)C)N(C)C(C)=O)=O)CC(O)CC6=CC=CC=C6)C1O)=O)=O)=O)=O)=C/C)=O)=O)=O)=O)=O","O=C1NC(C(=O)NC(C(=O)N2CCCC2C(=O)NC(CC(OC(=O)C(N(C(=O)C)C)CC(C)C)CC(O)CC=3C=CC=CC3)C(O)C(=O)NC(C(=O)NCC(=O)N4CCCC4C(=O)N5CCCC5C(=O)NC(C(=O)NC(C(=O)NC1=CC)CO)C(C)CC)CCC(=O)N)CCC6=CC=C(OC)C=C6)C(O)C","","N/A","N/A","N/A","N/A","4.31","N/A"
"17","C_QONBOMKYCJJCSL-WLKXNXGUSA-N","CCC([C@H]1C(N[C@@H]([C@@H](O)C)C(N[C@H](C(C)C)C(N[C@@H](C(C)C)C(N[C@@H](C(C)C)C(N[C@H](CC2=CC=CC=C2)C(N[C@@H](C(C)C)C(N/C(C(N[C@@H](CCCNC(N)=N)C(N[C@@H](CC3=CC=C(O)C=C3)C(N[C@@H](CCSC)C(N[C@@H](C(C)C)C(N[C@H]([C@H](O)C)C(N1)=O)=O)=O)=O)=O)=O)=C\C)=O)=O)=O)=O)=O)=O)=O)C","O=C1NC(C(=O)NC(C(=O)NC(C(=O)NC(C(=O)NC(C(=O)NC(C(=O)NC(C(=O)NC(C(=O)NC(C(=O)NC(C(=O)NC(C(=O)NC(C(=O)NC1=CC)C(C)C)CC=2C=CC=CC2)C(C)C)C(C)C)C(C)C)C(O)C)C(C)CC)C(O)C)C(C)C)CCSC)CC3=CC=C(O)C=C3)CCCNC(=N)N","","N/A","N/A","N/A","N/A","4.11","N/A"
"18","24123-14-6","OC(CNCCN)=O","O=C(O)CNCCN","","N/A","3.59","2.35","3.21","2.30","2.86"
"19","C_OXQJFBVEKRZTDE-JTQLQIEISA-N","OC[C@@](O)(CC1=O)CC(NCCS(=O)(O)=O)=C1OC","O=C1C(OC)=C(NCCS(=O)(=O)O)CC(O)(CO)C1","","N/A","N/A","N/A","N/A","N/A","N/A"
"20","C_HEUSSFSVKKVAFQ-UODGXBKSSA-N","O[C@@H]1[C@@H](O)[C@H](O)[C@@H](CN)O[C@H]1OC[C@H](O)[C@H](O)[C@H](O)CC[C@H](C)[C@H]2C3CC[C@@]4(C)[C@]5(C)CCC6C(C)(C)CCC[C@]6(C)C5CCC4[C@@]3(C)CC2","OC(COC1OC(CN)C(O)C(O)C1O)C(O)C(O)CCC(C)C2CCC3(C)C2CCC4(C)C3CCC5C6(C)CCCC(C)(C)C6CCC54C","","N/A","5.33","4.82","5.49","4.95","5.15"
"21","C_LZMVCENJBDTSPS-VFHZWBAFSA-N","CCCCCCCCCCCCCC1=CC(=C(C(=C1)O[C@H]2[C@@H]([C@H]([C@@H](CO2)O)O)O)CCCCCC(CCCCCC)Cl)O","ClC(CCCCCC1=C(O)C=C(C=C1OC2OCC(O)C(O)C2O)CCCCCCCCCCCCC)CCCCCC","","N/A","6.64","6.28","5.40","5.68","6.00"
"22","C_OTVIJJKBILNRLT-WPQQXQCVSA-N","CCCCCCCCCCCC1=CC(=C(C(=C1)O[C@H]2[C@@H]([C@H]([C@@H](CO2)O)O)O)CCCCCC(CCCCCC)Cl)O","ClC(CCCCCC1=C(O)C=C(C=C1OC2OCC(O)C(O)C2O)CCCCCCCCCCC)CCCCCC","","N/A","6.44","6.11","5.20","5.68","5.86"
"23","C_SNZCABRUTZVTFC-KJIMCQFPSA-N","CCCCCCCCCC(CCCCCC1=CC(=C(C(=C1)O[C@H]2[C@@H]([C@H]([C@@H](CO2)O)O)O)CCCCCC(CCCCCC)Cl)O)Cl","ClC(CCCCCC1=C(O)C=C(C=C1OC2OCC(O)C(O)C2O)CCCCCC(Cl)CCCCCCCCC)CCCCCC","","N/A","6.96","6.71","5.70","5.68","6.26"
"24","C_IWIZOMWAHIZTOM-ZQWJTRQNSA-N","CCCCCCCCC(CCCCCC1=CC(=C(C(=C1)O[C@H]2[C@@H]([C@H]([C@@H](CO2)O)O)O)CCCCCC(CCCCCC)Cl)O)Cl","ClC(CCCCCC1=C(O)C=C(C=C1OC2OCC(O)C(O)C2O)CCCCCC(Cl)CCCCCCCC)CCCCCC","","N/A","6.77","6.63","5.60","5.68","6.17"
"25","C_LWFZKXMCJDHBNJ-SLKDEOFASA-N","CCCCCCCC(CCCCCC1=CC(=C(C(=C1)O[C@H]2[C@@H]([C@H]([C@@H](CO2)O)O)O)CCCCCC(CCCCCC)Cl)O)(Cl)Cl","ClC(CCCCCC1=C(O)C=C(C=C1OC2OCC(O)C(O)C2O)CCCCCC(Cl)(Cl)CCCCCCC)CCCCCC","","N/A","6.85","6.65","5.90","4.67","6.02"
"26","C_LJLORIMRLLORHA-LNSHLUEESA-N","CCCCCCC(CCCCCC1=CC(=C(C(=C1)O[C@H]2[C@@H]([C@H]([C@@H](CO2)O)O)O)CCCCCC(CCCCCC)Cl)O)Cl","ClC(CCCCCC1=CC(O)=C(C(OC2OCC(O)C(O)C2O)=C1)CCCCCC(Cl)CCCCCC)CCCCCC","","N/A","6.56","6.46","5.40","4.93","5.84"
"27","C_NYUHMGANIQYFOK-ANHKVXBOSA-N","CCCCCCC(CCCCCC1=C(C=C(C=C1O[C@H]2[C@@H]([C@H]([C@@H](CO2)O)O)O)CCCCCCC(CCCC)Cl)O)Cl","ClC(CCCC)CCCCCCC1=CC(O)=C(C(OC2OCC(O)C(O)C2O)=C1)CCCCCC(Cl)CCCCCC","","N/A","6.45","6.35","5.31","4.93","5.76"
"28","C_AGAUYSZNDYQXOM-WEVIMLSJSA-N","C[C@]12C(C(CCC2)(C)C)CC[C@@]3(C1CCC4[C@@]3(C)CCC5[C@]4(C)CC[C@@H]5[C@@H](CCC(C(C(O)CO[C@H]6[C@@](O)([C@H]([C@@H]([C@H]6N)O)O)CO)O)O)C)C","OCC1(O)C(O)C(O)C(N)C1OCC(O)C(O)C(O)CCC(C)C2CCC3(C)C2CCC4(C)C3CCC5C6(C)CCCC(C)(C)C6CCC54C","","N/A","5.51","4.79","5.35","4.95","5.15"
"29","C_PBPRFAHEEMSBKU-UHFFFAOYSA-N","O=C(CC(CC(NCCCN(C(C)=O)O)=O)(C(O)=O)O)NCCCN(C(CCCCCCCCCCC)=O)O","O=C(NCCCN(O)C(=O)C)CC(O)(C(=O)O)CC(=O)NCCCN(O)C(=O)CCCCCCCCCCC","","N/A","N/A","N/A","N/A","4.29","N/A"
"30","C_DCRDXSPHBGCFJE-UHFFFAOYSA-N","O=C(CC(CC(NCCCN(C(C)=O)O)=O)(C(O)=O)O)NCCCN(C(CCCCCCCCC)=O)O","O=C(NCCCN(O)C(=O)C)CC(O)(C(=O)O)CC(=O)NCCCN(O)C(=O)CCCCCCCCC","","N/A","N/A","N/A","N/A","4.29","N/A"
"31","C_LPWDCGVTZOZWBF-UHFFFAOYSA-N","O=C(CC(CC(NCCCN(C(C)=O)O)=O)(C(O)=O)O)NCCCN(C(CCCCCCC)=O)O","O=C(NCCCN(O)C(=O)C)CC(O)(C(=O)O)CC(=O)NCCCN(O)C(=O)CCCCCCC","","N/A","N/A","N/A","N/A","4.29","N/A"
"32","C_BFYXFUUHZKWAJW-TUOVYMBRSA-N","CC1=C(C=CC(=C1C)C(=O)O)/C=C/C(=C/C=C/C(=C/C=C/C=C(/C=C/C=C(/C=C/C2=C(C(=C(C=C2)C(=O)O)C)C)\C)\C)/C)/C","O=C(O)C1=CC=C(C=CC(=CC=CC(=CC=CC=C(C=CC=C(C=CC2=CC=C(C(=O)O)C(=C2C)C)C)C)C)C)C(=C1C)C","","N/A","8.99","9.93","N/A","N/A","9.46"
"33","C_FFQPDMLQLMDNCB-OOYZWKPBSA-N","Cl/C=C(C)/C=C/C(/C=C\C=C\CCC1CC(OC)=CC(O1)=O)C","O=C1OC(CC(OC)=C1)CCC=CC=CC(C=CC(=CCl)C)C","","N/A","5.32","5.36","N/A","N/A","5.34"
"34","C_STGNMXQTWDOGSE-FUVSMVGWSA-N","CCC[C@@H](C)[C@@H]([C@H](C)[C@H]([C@@H](C)[C@H](CC1=NC(=CS1)C2=N[C@@](CS2)(C)C3=N[C@@](CS3)(C)C(=O)N[C@@H]([C@@H](C)CC)[C@H]([C@@H](C)C(=O)OCC)O)OC)O)O","O=C(OCC)C(C)C(O)C(NC(=O)C1(N=C(SC1)C2(N=C(SC2)C=3N=C(SC3)CC(OC)C(C)C(O)C(C)C(O)C(C)CCC)C)C)C(C)CC","","N/A","5.77","5.63","N/A","3.89","5.10"
"35","C_VOWNHWSVEUWZQX-SLMJHOPOSA-N","C/C(C/C=C\C=C\C(N[C@H](/C=C\CC/C=C/Cl)C)=O)=C\Cl","O=C(C=CC=CCC(=CCl)C)NC(C=CCCC=CCl)C","","N/A","4.97","5.19","N/A","N/A","5.08"
"36","C_VOWNHWSVEUWZQX-RWZASHGDSA-N","C/C(C/C=C\C=C\C(N[C@H](/C=C/CC/C=C/Cl)C)=O)=C\Cl","O=C(C=CC=CCC(=CCl)C)NC(C=CCCC=CCl)C","","N/A","4.97","5.19","N/A","N/A","5.08"
"37","C_VOWNHWSVEUWZQX-HUVZLFSQSA-N","C/C(C/C=C/C=C/C(N[C@H](/C=C\CC/C=C/Cl)C)=O)=C\Cl","O=C(C=CC=CCC(=CCl)C)NC(C=CCCC=CCl)C","","N/A","4.97","5.19","N/A","N/A","5.08"
"38","C_MOHXYZAMHAZRDC-GXVZJEIESA-N","C/C(C)=C\C(NCC[C@@H](C)/C=C/C[C@H](/C=C/C=C\Cl)C)=O","O=C(C=C(C)C)NCCC(C=CCC(C=CC=CCl)C)C","","N/A","5.27","5.58","N/A","N/A","5.42"
"39","C_JKBXTXMXBDJJQA-SJHSMXDOSA-N","C[C@@H](C(N[C@@H](CCC(N)=O)C(NCC(N[C@@H](C(C)C)C(N[C@@H](CO)C(N[C@@H](CC(C=C1)=CC=C1OC/C=C(C)/C)C(N[C@H](C(N2CCC[C@H]2C3=O)=O)CC4=CC=CC=C4)=O)=O)=O)=O)=O)=O)N3[H]","[H]N1C(=O)C2N(C(=O)C(NC(=O)C(NC(=O)C(NC(=O)C(NC(=O)CNC(=O)C(NC(=O)C1C)CCC(=O)N)C(C)C)CO)CC3=CC=C(OCC=C(C)C)C=C3)CC=4C=CC=CC4)CCC2","","N/A","4.40","4.35","N/A","4.11","4.29"
"40","C_VSODJBVPHOOTEU-OBYLJCASSA-N","CC1(C)CCC[C@]2(C)[C@]1([H])CC[C@@]3(C)[C@@]2([H])CC[C@]4(C)[C@]3([H])CC5=C(O)C(O)=CC(C(O)=O)=C54","[H]C12CC=3C(O)=C(O)C=C(C(=O)O)C3C2(C)CCC4([H])C5(C)CCCC(C)(C)C5([H])CCC14C","","N/A","6.85","6.06","6.12","5.07","6.02"
"41","C_ANTLVDCACHPFMI-FHUWYTBFSA-N","CC1(C)CCC[C@]2(C)[C@]1([H])CC[C@@]([C@@]3([H])CC4=C(O)C(O)=CC(C(O)=O)=C4)(C)[C@@]2([H])CCC3=C","[H]C1(C(=C)CCC2([H])C1(C)CCC3([H])C(C)(C)CCCC32C)CC4=CC(=CC(O)=C4O)C(=O)O","","N/A","6.70","6.35","7.26","5.02","6.33"
"42","C_SXWRGDXAWWEUSK-HZRZAHPNSA-N","C[C@]1(COC)CCC[C@]2(C(OC)=O)[C@]1([H])[C@H](Cl)[C@H](O)[C@@](C3=CC4=C(OCO5)C5=CC(Cl)=C4[C@@]36C)(C)[C@@]2(O)CC6=O","[H]C12C(Cl)C(O)C3(C4=CC=5C=6OCOC6C=C(Cl)C5C4(C(=O)CC3(O)C2(C(=O)OC)CCCC1(C)COC)C)C","","N/A","6.06","6.00","5.56","5.61","5.81"
"43","C_HBFUMXRTGQYCEA-SCJHGSEDSA-N","C[C@]1(COC)[C@@H](Cl)CC[C@]23[C@]1([H])[C@@H](OC3=O)[C@H](O)[C@@]4(C)[C@@]2(O)C[C@@H](O)[C@]5(C)C4=CC6=C(OCO7)C7=CC(Cl)=C65","[H]C12C3OC(=O)C2(CCC(Cl)C1(C)COC)C4(O)CC(O)C5(C=6C(Cl)=CC=7OCOC7C6C=C5C4(C)C3O)C","","N/A","5.85","5.24","5.11","4.76","5.24"
"44","C_MPDWJOZIRGXLFW-SCJHGSEDSA-N","C[C@]1(COC)[C@@H](Cl)CC[C@]23[C@]1([H])[C@@H](OC3=O)[C@H](O)[C@@]4(C)[C@@]2(O)C[C@@H](O)[C@]5(C)C4=CC6=C(Cl)C(OCO7)=C7C=C65","[H]C12C3OC(=O)C2(CCC(Cl)C1(C)COC)C4(O)CC(O)C5(C=6C=C7OCOC7=C(Cl)C6C=C5C4(C)C3O)C","","N/A","5.93","5.32","5.11","4.76","5.28"
"45","C_FCWJVJDRWPHMRT-QLYLPIRJSA-N","OC1C(OC(C(C1O)OC[C@]2(O)CC(NC(CO)C(O)=O)=C(C(C2)=N)OC)CO)O","O=C(O)C(NC1=C(OC)C(=N)CC(O)(COC2C(O)C(O)C(O)OC2CO)C1)CO","","N/A","N/A","N/A","N/A","3.39","N/A"
"46","C_CTLCCIQRVCMBEJ-CBTCKCDPSA-N","OC[C@]1(O)CC(NCC(OC2C(OC(C(C2O)O)O)CO)=O)=C(C(C1)=NC(CO)C(O)=O)OC","O=C(O)C(N=C1C(OC)=C(NCC(=O)OC2C(O)C(O)C(O)OC2CO)CC(O)(CO)C1)CO","","N/A","2.85","1.62","N/A","4.26","2.91"
"47","C_MXJFACMBSIQIJG-RAVCUMSJSA-N","O=C(N[C@H](C(N[C@@H](C(N[C@@H](C(N[C@@H](C(N[C@H](C(N([C@@H](C(N[C@@H](C(N[C@H](C(N1CCC[C@H]1C(N[C@@H]2CC(C)C)=O)=O)[C@@H](O)C)=O)C(C(N)=O)O)=O)[C@@H](CC)C)C)=O)CCC(N)=O)=O)CC(C)C)=O)C)=O)C(C(C)C)O)=O)C(C)C)CC(CCCCC)NC([C@@H](NC2=O)[C@H](O)C)=O","O=C(N)CCC1NC(=O)C(NC(=O)C(NC(=O)C(NC(=O)C(NC(=O)CC(NC(=O)C(NC(=O)C(NC(=O)C2N(C(=O)C(NC(=O)C(NC(=O)C(N(C1=O)C)C(C)CC)C(O)C(=O)N)C(O)C)CCC2)CC(C)C)C(O)C)CCCCC)C(C)C)C(O)C(C)C)C)CC(C)C","","N/A","N/A","N/A","N/A","4.11","N/A"
"48","C_OIXICRGCRLGQCN-OBKLPJIUSA-N","O=C(N[C@H](C(N[C@@H](C(N[C@@H](C(N[C@@H](C(N[C@H](C(N([C@@H](C(N[C@@H](C(N[C@H](C(N1CCC[C@H]1C(N[C@@H]2CC(C)C)=O)=O)[C@@H](O)C)=O)C(C(N)=O)O)=O)[C@@H](CC)C)C)=O)CCC(N)=O)=O)C(C(C)C)O)=O)C)=O)C(C(C)C)O)=O)C(C)C)CC(CCCCC)NC([C@@H](NC2=O)[C@H](O)C)=O","O=C(N)CCC1NC(=O)C(NC(=O)C(NC(=O)C(NC(=O)C(NC(=O)CC(NC(=O)C(NC(=O)C(NC(=O)C2N(C(=O)C(NC(=O)C(NC(=O)C(N(C1=O)C)C(C)CC)C(O)C(=O)N)C(O)C)CCC2)CC(C)C)C(O)C)CCCCC)C(C)C)C(O)C(C)C)C)C(O)C(C)C","","N/A","N/A","N/A","N/A","4.11","N/A"
"49","C_FXNSTMGRWLTKFF-YKUYVWFBSA-N","O=C(N[C@@H](C(N/C(C1=O)=C/C)=O)CCC(N)=O)CC(CCCCC)NC(CNC([C@H](NC([C@H]([C@@H](CC)C)NC([C@@H](NC([C@H](NC([C@@H](CC2=CC=CC=C2)NC([C@H](NC([C@H]3N1C[C@@H](C3)O)=O)CCO)=O)=O)CC(C)C)=O)[C@H](C)CC)=O)=O)CC(C)C)=O)=O","O=C(N)CCC1NC(=O)CC(NC(=O)CNC(=O)C(NC(=O)C(NC(=O)C(NC(=O)C(NC(=O)C(NC(=O)C(NC(=O)C2N(C(=O)C(=CC)NC1=O)CC(O)C2)CCO)CC=3C=CC=CC3)CC(C)C)C(C)CC)C(C)CC)CC(C)C)CCCCC","","N/A","N/A","N/A","N/A","4.28","N/A"
"50","C_DQCGSCJFICXWFZ-QHDYGNBISA-N","N=C1C[C@](CO)(CC(NC(CO)C(O)=O)=C1OC)O","O=C(O)C(NC1=C(OC)C(=N)CC(O)(CO)C1)CO","","N/A","N/A","N/A","N/A","N/A","N/A"
"51","C_KEOLGCFLKHISHR-NFSIXUBXSA-N","CCCC(N[C@@H](C(NC(C(N[C@@H]1[C@@H](C)OC([C@@H](C(C)C)NC([C@H](CC2=CC(Cl)=C(O)C=C2)N(C)C([C@H]([C@H](O)C)N3[C@@H](O)CC[C@H](NC([C@H](CC(C)C)NC1=O)=O)C3=O)=O)=O)=O)=O)C(OC([C@@H](NC(CCC)=O)C)=O)C)=O)C)=O","O=C(OC(C)C(NC(=O)C(NC(=O)CCC)C)C(=O)NC1C(=O)NC(C(=O)NC2C(=O)N(C(O)CC2)C(C(=O)N(C)C(C(=O)NC(C(=O)OC1C)C(C)C)CC3=CC=C(O)C(Cl)=C3)C(O)C)CC(C)C)C(NC(=O)CCC)C","","N/A","4.56","4.30","N/A","4.11","4.32"
"52","C_MWUJXBWFBABTFB-RERDJVLRSA-N","CC[C@H]([C@H](NC)C(N[C@H](C(N1CCC[C@H]1C(N[C@@H](C)C(N[C@@H](CC(C)C)C(N[C@@H](CC(C)C)C(N[C@@H](C)C(N[C@H](C(N[C@@H](CC(C)C)C(N[C@H](C(N)=O)C(C)C)=O)=O)CO)=O)=O)=O)=O)=O)=O)CO)=O)C","O=C(N)C(NC(=O)C(NC(=O)C(NC(=O)C(NC(=O)C(NC(=O)C(NC(=O)C(NC(=O)C1N(C(=O)C(NC(=O)C(NC)C(C)CC)CO)CCC1)C)CC(C)C)CC(C)C)C)CO)CC(C)C)C(C)C","","N/A","3.17","3.03","N/A","4.11","3.43"
"53","C_TZSKHHZFSLGYTL-TZKGVKHNSA-N","CC[C@@H]([C@H](O)C(N[C@H](C(N[C@@H]1[C@@H](C)OC([C@@H](C(C)C)NC([C@H](CC2=CC=C(O)C=C2)N(C)C([C@H](CC3=CC=C(OC)C=C3)N4[C@H](O)CC[C@H](NC([C@H](CC5=CC=CC=C5)NC1=O)=O)C4=O)=O)=O)=O)=O)CCC(O)=O)=O)C","O=C(O)CCC(NC(=O)C(O)C(C)CC)C(=O)NC1C(=O)NC(C(=O)NC2C(=O)N(C(O)CC2)C(C(=O)N(C)C(C(=O)NC(C(=O)OC1C)C(C)C)CC3=CC=C(O)C=C3)CC4=CC=C(OC)C=C4)CC=5C=CC=CC5","","N/A","4.69","4.99","N/A","4.11","4.60"
"54","C_IZUSQHCHSMJXLV-DEGMBRQQSA-N","C[C@H]1OC([C@H](NC([C@@H](N(C([C@H](N2C([C@H](CC[C@@H]2O)NC([C@@H](NC([C@@H]1NC([C@H](NC([C@H](NC(CCC)=O)C)=O)[C@@H](C)O)=O)=O)CC(C)C)=O)=O)[C@@H](C)O)=O)C)CC(C=C3)=CC(Cl)=C3O)=O)C(C)C)=O","O=C1OC(C)C(NC(=O)C(NC(=O)C(NC(=O)CCC)C)C(O)C)C(=O)NC(C(=O)NC2C(=O)N(C(O)CC2)C(C(=O)N(C)C(C(=O)NC1C(C)C)CC3=CC=C(O)C(Cl)=C3)C(O)C)CC(C)C","","N/A","4.11","3.49","N/A","4.11","3.90"
"55","C_MWOUSUQNUHRYLP-LTPNNWFFSA-N","C[C@@H](\C=C(/C)\C=C\[C@@H]1NC(=O)[C@H](CCCNC(N)=O)NC(=O)C[C@@H](NC(=O)[C@H](CCCNC(=N)N)NC(=O)[C@@H](C)NC(=O)C(=C)N(C)C(=O)CC[C@@H](NC(=O)[C@H]1C)C(=O)O)C(=O)O)[C@H](Cc1ccccc1)OC","O=C(N)NCCCC1NC(=O)CC(NC(=O)C(NC(=O)C(NC(=O)C(=C)N(C(=O)CCC(NC(=O)C(C)C(C=CC(=CC(C)C(OC)CC=2C=CC=CC2)C)NC1=O)C(=O)O)C)C)CCCNC(=N)N)C(=O)O","","N/A","2.46","3.58","N/A","4.11","3.38"
"56","C_AHXOFCOHTAKFKX-KAXOOBBASA-N","C[C@@H](\C=C(/C)\C=C\[C@@H]1NC(=O)[C@H](CCCNC(=N)N)NC(=O)C[C@@H](NC(=O)[C@H](CCC(=O)O)NC(=O)[C@@H](C)NC(=O)C(=C)N(C)C(=O)CC[C@@H](NC(=O)[C@H]1C)C(=O)O)C(=O)O)[C@H](Cc1ccccc1)OC","O=C(O)CCC1NC(=O)C(NC(=O)C(=C)N(C(=O)CCC(NC(=O)C(C)C(C=CC(=CC(C)C(OC)CC=2C=CC=CC2)C)NC(=O)C(NC(=O)CC(NC1=O)C(=O)O)CCCNC(=N)N)C(=O)O)C)C","","N/A","3.50","3.50","N/A","4.11","3.70"
"57","C_RRMMYXRMUVPVRF-NSKJAONYSA-N","C[C@@H](\C=C(/C)\C=C\[C@@H]1NC(=O)[C@H](CCC(=O)O)NC(=O)C[C@@H](NC(=O)[C@H](CCC(=O)O)NC(=O)[C@@H](C)NC(=O)C(=C)N(C)C(=O)CC[C@@H](NC(=O)[C@H]1C)C(=O)O)C(=O)O)[C@H](Cc1ccccc1)OC","O=C(O)CCC1NC(=O)CC(NC(=O)C(NC(=O)C(NC(=O)C(=C)N(C(=O)CCC(NC(=O)C(C)C(C=CC(=CC(C)C(OC)CC=2C=CC=CC2)C)NC1=O)C(=O)O)C)C)CCC(=O)O)C(=O)O","","N/A","3.57","3.57","N/A","4.11","3.75"
"58","C_PXEOFGCLNPSOIR-AJXKSCHMSA-N","O=C(N(C1([H])CSC[C@@H](C(NCC(O)=O)=O)NC(CC[C@H](N)C(O)=O)=O)C)CC[C@H](C(O)=O)NC([C@@H](C)[C@H](/C=C/C(C)=C/[C@H](C)[C@@H](OC)CC2=CC=CC=C2)NC([C@H](CCCNC(N)=N)NC(C[C@H](C(O)=O)NC([C@@H](NC([C@@H](C)NC1=O)=O)CCCNC(N)=N)=O)=O)=O)=O","[H]C1(C(=O)NC(C(=O)NC(C(=O)NC(C(=O)O)CC(=O)NC(C(=O)NC(C=CC(=CC(C)C(OC)CC=2C=CC=CC2)C)C(C(=O)NC(C(=O)O)CCC(=O)N1C)C)CCCNC(=N)N)CCCNC(=N)N)C)CSCC(NC(=O)CCC(N)C(=O)O)C(=O)NCC(=O)O","","N/A","N/A","N/A","N/A","4.11","N/A"
"59","C_XWXSIKQZRUZBPD-DUJZQNBCSA-N","O=C(N(C)C(C(N[C@@H](C1=O)C)=O)=C)CC[C@H](C(O)=O)NC([C@@H](C)[C@H](/C=C/C(C)=C/[C@H](C)[C@@H](OC)CC2=CC=CC=C2)NC([C@H](CC3=CNC4=C3C=CC=C4)NC(C[C@H](C(O)=O)NC([C@@H](N1)CCCNC(N)=N)=O)=O)=O)=O","O=C(O)C1NC(=O)C(NC(=O)C(NC(=O)C(=C)N(C(=O)CCC(NC(=O)C(C)C(C=CC(=CC(C)C(OC)CC=2C=CC=CC2)C)NC(=O)C(NC(=O)C1)CC3=CNC=4C=CC=CC43)C(=O)O)C)C)CCCNC(=N)N","","N/A","3.97","4.92","N/A","4.11","4.34"
"60","C_GSQBGCSYZANQGB-OBWIRWOGSA-N","OC(C[C@@H](C(N[C@H]1CC2=CC=CC=C2)=O)NC([C@H](CC(C)C)NC(CNC([C@H]3CCCN3C([C@H](CC4=CC=CC=C4)NC([C@H](NC1=O)CCCNC(NC/C=C(C)/C)=N)=O)=O)=O)=O)=O)=O","O=C(O)CC1NC(=O)C(NC(=O)CNC(=O)C2N(C(=O)C(NC(=O)C(NC(=O)C(NC1=O)CC=3C=CC=CC3)CCCNC(=N)NCC=C(C)C)CC=4C=CC=CC4)CCC2)CC(C)C","","N/A","4.16","4.26","N/A","4.29","4.24"
"61","C_QOCMZEOVWQAOFT-YDCNANBYSA-N","CC[C@H]([C@H](C(O)=O)NC(N[C@@H]1C(N[C@H](C(N[C@H](C(N([C@H](C(N[C@H](C(NCCCC1)=O)CC2=CC=CC=C2)=O)CC3=CNC4=CC=CC=C43)C)=O)CC(C)C)=O)C(C)C)=O)=O)C","O=C(NC1C(=O)NC(C(=O)NC(C(=O)N(C)C(C(=O)NC(C(=O)NCCCC1)CC=2C=CC=CC2)CC3=CNC=4C=CC=CC43)CC(C)C)C(C)C)NC(C(=O)O)C(C)CC","","N/A","5.14","5.65","N/A","4.28","5.03"
"62","C_CLAPAZQQSRVIAI-IRIVFKDGSA-N","CC[C@H]([C@H](C(O)=O)NC(N[C@@H]1C(N[C@H](C(N[C@H](C(N([C@H](C(N[C@H](C(NCCCC1)=O)CC2=CC=CC=C2)=O)CC3=CNC4=CC=CC=C43)C)=O)CC(C)C)=O)[C@H](CC)C)=O)=O)C","O=C(NC1C(=O)NC(C(=O)NC(C(=O)N(C)C(C(=O)NC(C(=O)NCCCC1)CC=2C=CC=CC2)CC3=CNC=4C=CC=CC43)CC(C)C)C(C)CC)NC(C(=O)O)C(C)CC","","N/A","5.29","5.83","N/A","4.28","5.13"
"63","C_HQMATMGVGJKSPD-MMHNDARSSA-N","CC[C@H]([C@H](C(O)=O)NC(N[C@@H]1C(N[C@H](C(N[C@H](C(N([C@@H](C(N[C@H](C(NCCCC1)=O)CC2=CC=CC=C2)=O)CC(C3=C(NC([H])=O)C=CC=C3)=O)C)=O)CC(C)C)=O)C(C)C)=O)=O)C","[H]C(=O)NC=1C=CC=CC1C(=O)CC2C(=O)NC(C(=O)NCCCCC(NC(=O)NC(C(=O)O)C(C)CC)C(=O)NC(C(=O)NC(C(=O)N2C)CC(C)C)C(C)C)CC=3C=CC=CC3","","N/A","4.36","4.59","N/A","4.29","4.41"
"64","C_OGTUEIHKAQMBTH-JOEVVLMGSA-N","O=C(NC(C(O)C)C(NC(C(C)OC1=O)C(NC(C(C)O)C(NC(C(N/C(C(NC(C(NCC(N(C(C(NC1CCC(N)=O)=O)C(C)OC2C(O)C(O)C(O)C(CO)O2)C)=O)=O)CCC(N)=O)=O)=C\C)=O)CC3=CC=C(O)C=C3)=O)=O)=O)C(O)C(O)CCCCCCCCCCCCC","O=C1NC(C(=O)NCC(=O)N(C)C(C(=O)NC(C(=O)OC(C)C(NC(=O)C(NC(=O)C(O)C(O)CCCCCCCCCCCCC)C(O)C)C(=O)NC(C(=O)NC(C(=O)NC1=CC)CC2=CC=C(O)C=C2)C(O)C)CCC(=O)N)C(OC3OC(CO)C(O)C(O)C3O)C)CCC(=O)N","","N/A","N/A","N/A","N/A","4.11","N/A"
"65","C_RGZSNQSMWRPTNL-UHFFFAOYSA-N","O=C(N1C(C(NC(C(NCC(NC(CC(C)C)C2=O)=O)=O)CC3=CNC4=CC=CC=C43)=O)CCC1)C(NC(CNC(C(N2)CC5=CN=CN5)=O)=O)CC6=CNC7=CC=CC=C76","O=C1NC(C(=O)N2CCCC2C(=O)NC(C(=O)NCC(=O)NC(C(=O)NC(C(=O)NC1)CC3=CN=CN3)CC(C)C)CC4=CNC=5C=CC=CC54)CC6=CNC=7C=CC=CC76","","N/A","5.15","4.37","N/A","4.57","4.70"
"66","C_CJBURLKHSGYKKJ-LOEFFASASA-N","O=C(N/C(C(N[C@@H](C1=O)C)=O)=C/C)CC[C@H](C(O)=O)NC([C@@H](C)[C@H](/C=C/C(C)=C/[C@H](C)[C@@H](OC)CC2=CC=CC=C2)NC([C@H](CCCNC(N)=N)NC(C[C@H](C(O)=O)NC([C@@H](N1)C[C@@H](C)CC)=O)=O)=O)=O","O=C(O)C1NC(=O)C(NC(=O)C(NC(=O)C(=CC)NC(=O)CCC(NC(=O)C(C)C(C=CC(=CC(C)C(OC)CC=2C=CC=CC2)C)NC(=O)C(NC(=O)C1)CCCNC(=N)N)C(=O)O)C)CC(C)CC","","N/A","3.37","4.42","N/A","4.11","3.97"
"67","C_RZFSXQCTAPBBLA-CNENNZGJSA-N","O=C(CNC1=O)N[C@@H](CCC(N)=O)C(N[C@@H](CC2=CC=CC=C2)C(NCC(N[C@@H](CO)C3=NC(C(N[C@@H](CC(N)=O)C4=NC(C(N[C@@H](CO)C(N[C@@H](C(C)C)C(N[C@@H](CO)C(N[C@@H](CO)C(NCC(N[C@@H](CC(O)=O)C(N[C@@H](CC5=CC=C(O)C=C5)C(N[C@@H](CC6=CNC7=C6C=CC=C7)C(N[C@@H](CO)C(N[C@@H]([C@@H](C)O)C(N[C@@H](CC8=CC=CC=C8)C(N[C@@H](CC(N)=O)C(N[C@@H](CC(C)C)C(NCC(N9[C@@H](CCC9)C(N[C@@H](CC(C)C)C%10=NC1=CS%10)=O)=O)=O)=O)=O)=O)=O)=O)=O)=O)=O)=O)=O)=O)=O)=O)=CS4)=O)=CS3)=O)=O)=O","O=C(O)CC1NC(=O)CNC(=O)C(NC(=O)C(NC(=O)C(NC(=O)C(NC(=O)C=2N=C(SC2)C(NC(=O)C=3N=C(SC3)C(NC(=O)CNC(=O)C(NC(=O)C(NC(=O)CNC(=O)C=4N=C(SC4)C(NC(=O)C5N(C(=O)CNC(=O)C(NC(=O)C(NC(=O)C(NC(=O)C(NC(=O)C(NC(=O)C(NC(=O)C(NC1=O)CC6=CC=C(O)C=C6)CC7=CNC=8C=CC=CC87)CO)C(O)C)CC=9C=CC=CC9)CC(=O)N)CC(C)C)CCC5)CC(C)C)CCC(=O)N)CC=%10C=CC=CC%10)CO)CC(=O)N)CO)C(C)C)CO)CO","","N/A","N/A","N/A","N/A","4.31","N/A"
"68","C_GFHJBYMOXXILNJ-UHFFFAOYSA-N","O=C(C(C)NC(C(CC1=CNC2=CC=CC=C12)N3)=O)N4C(C(NC(C(NC(C(C)C)C(NC(CC5=CNC6=CC=CC=C56)C(NC(CC(C)C)C(N7C(C3=O)CCC7)=O)=O)=O)=O)CC8=CNC9=CC=CC=C98)=O)CCC4","O=C1NC(C(=O)N2CCCC2C(=O)NC(C(=O)NC(C(=O)NC(C(=O)NC(C(=O)N3CCCC3C(=O)NC1CC4=CNC=5C=CC=CC54)CC(C)C)CC6=CNC=7C=CC=CC76)C(C)C)CC8=CNC=9C=CC=CC98)C","","N/A","6.90","6.43","N/A","4.73","6.02"
"69","C_DECBPJPIDHVROG-LEKXQQIESA-N","O=C([C@@H](NC(C1=CSC([C@@H](C(C)C)NC([C@@H](C(C)C)NC(C2=CSC([C@H](NC(CNC([C@H](NC([C@@H]([C@H](C)OC/C=C(C)/C)NC([C@@H](CC(N)=O)NC([C@@H](CO)NC(C3=CSC([C@@H](NC([C@H](NC([C@@H](CCCCN)N4)=O)CC5=CC=C(O)C=C5)=O)C)=N3)=O)=O)=O)=O)CC6=CNC7=C6C=CC=C7)=O)=O)CC(O)=O)=N2)=O)=O)=N1)=O)CC8=CNC9=C8C=CC=C9)NCC(N[C@@H](C4=O)CC(O)=O)=O","O=C(O)CC1NC(=O)CNC(=O)C(NC(=O)C=2N=C(SC2)C(NC(=O)C(NC(=O)C=3N=C(SC3)C(NC(=O)CNC(=O)C(NC(=O)C(NC(=O)C(NC(=O)C(NC(=O)C=4N=C(SC4)C(NC(=O)C(NC(=O)C(NC1=O)CCCCN)CC5=CC=C(O)C=C5)C)CO)CC(=O)N)C(OCC=C(C)C)C)CC6=CNC=7C=CC=CC76)CC(=O)O)C(C)C)C(C)C)CC8=CNC=9C=CC=CC98","","N/A","N/A","N/A","N/A","4.31","N/A"
"70","C_FAFNVISAZDFOJC-RYWAYVEBSA-N","CCCCCCC[C@H]([C@@H](C(=O)N[C@@H](CO)C(=O)N(C)[C@@H](C(C)C)C(=O)N[C@@H](CCC1=CC=C(C=C1)O)C(=O)O)O)N","O=C(O)C(NC(=O)C(N(C(=O)C(NC(=O)C(O)C(N)CCCCCCC)CO)C)C(C)C)CCC1=CC=C(O)C=C1","","N/A","2.87","4.36","4.04","4.11","3.84"
"71","NOCAS_1019033","CC[C@H](C)C1C(=O)NCCCC[C@H](C(=O)N[C@H](C(=O)N[C@H](C(=O)N(C(C(=O)N1)CCC2=CC=C(C=C2)O)C)CCC3=CC=C(C=C3)O)C(C)C)NC(=O)N[C@@H](CCCN=C(N)N)C(=O)O","[H]C(NC(=O)NC1([H])C(=O)NC([H])(C(=O)NC([H])(C(=O)N(C)C([H])(C(=O)NC([H])(C(=O)NCCCC1)C(C)CC)CCC2=CC=C(O)C=C2)CCC3=CC=C(O)C=C3)C(C)C)(C(=O)O)CCCN=C(N)N","","N/A","4.58","5.76","N/A","4.11","4.82"
"72","C_KWDLKNNQGMAHJR-HBWVXJRASA-N","CC[C@H](C)[C@H]1C(=O)NCCCC[C@H](C(=O)N[C@H](C(=O)N[C@H](C(=O)N([C@H](C(=O)N1)CCC2=CC=C(C=C2)O)C)CCC3=CC=C(C=C3)O)C(C)C)NC(=O)N[C@@H](CC4=CC=C(C=C4)O)C(=O)O","O=C(O)C(NC(=O)NC1C(=O)NC(C(=O)NC(C(=O)N(C)C(C(=O)NC(C(=O)NCCCC1)C(C)CC)CCC2=CC=C(O)C=C2)CCC3=CC=C(O)C=C3)C(C)C)CC4=CC=C(O)C=C4","","N/A","5.65","6.21","N/A","4.11","5.32"
"73","C_MPCIPLGLKBYIIR-JOROZROBSA-N","CC[C@H]([C@H]1C(O[C@@H](C)[C@H](NC([C@@H](NC(C(OC)COS(=O)(O)=O)=O)CCC2=CC=C(O)C=C2)=O)C(N[C@@H](CCC3=CC=C(O)C=C3)C(N[C@H]4CC[C@@H](O)N([C@H]([C@@H](CC)C)C(N(C)[C@@H](CC5=CC=C(OC)C=C5)C(N1)=O)=O)C4=O)=O)=O)=O)C","O=C1OC(C)C(NC(=O)C(NC(=O)C(OC)COS(=O)(=O)O)CCC2=CC=C(O)C=C2)C(=O)NC(C(=O)NC3C(=O)N(C(O)CC3)C(C(=O)N(C)C(C(=O)NC1C(C)CC)CC4=CC=C(OC)C=C4)C(C)CC)CCC5=CC=C(O)C=C5","","N/A","N/A","N/A","N/A","4.11","N/A"
"74","C_NLQWQLCUSBPPRU-QSYYJPTJSA-N","CC[C@@H]([C@H]1C(O[C@@H](C)[C@H](NC([C@H](NC([C@@H](OC)COS(=O)(O)=O)=O)CCC2=CC=C(O)C=C2)=O)C(N[C@@H](CCC3=CC(C)=C(O)C=C3)C(N[C@H]4CC[C@@H](O)[N@@]([C@H]([C@@H](CC)C)C(N(C)[C@@H](CC5=CC=C(OC)C=C5)C(N1)=O)=O)C4=O)=O)=O)=O)C","O=C1OC(C)C(NC(=O)C(NC(=O)C(OC)COS(=O)(=O)O)CCC2=CC=C(O)C=C2)C(=O)NC(C(=O)NC3C(=O)N(C(O)CC3)C(C(=O)N(C)C(C(=O)NC1C(C)CC)CC4=CC=C(OC)C=C4)C(C)CC)CCC5=CC=C(O)C(=C5)C","","N/A","N/A","N/A","N/A","4.11","N/A"
"75","172548-91-3","CC[C@@H]([C@H]1C(O[C@@H](C)[C@H](NC([C@@H](NC(C(NC([C@@H](O)CO)=O)CCC2=CC=C(O)C=C2)=O)CCC(N)=O)=O)C(N[C@@H](CC(C)C)C(N[C@H]3CC[C@@H](O)N([C@H]([C@@H](O)C)C(N(C)[C@@H](CC4=CC=C(O)C=C4)C(N1)=O)=O)C3=O)=O)=O)=O)C","[H]C12NC(=O)C(NC(=O)C(NC(=O)C(NC(=O)C(NC(=O)C(O)CO)CCC3=CC=C(O)C=C3)CCC(=O)N)C([H])(OC(=O)C([H])(NC(=O)C([H])(N(C(=O)C([H])(N(C1=O)C(O)CC2)C(O)C)C)CC4=CC=C(O)C=C4)C(C)CC)C)CC(C)C","","N/A","3.97","3.94","N/A","4.11","4.01"
"76","C_YEJXJFKDCRKSRQ-LBHOYRLISA-N","CC(N[C@H](C(NCC(N[C@@H](CC(N)=O)C(N[C@@H]([C@@H](C)OC(C[C@H](NC1=O)C(N[C@@H](CC2=CNC3=C2C=CC=C3)C(N[C@@H](CCC(OC)=O)C(N[C@@H]4C(N[C@@H](CC5=CC=C(O)C=C5)C(O)=O)=O)=O)=O)=O)=O)C(N[C@H](C(N[C@@H](CCCCNC(CC4)=O)C(N[C@@H](CC6=CC=C(O)C=C6)C(N7CCC[C@H]7C(N[C@H]1CO)=O)=O)=O)=O)CCSC)=O)=O)=O)=O)CC8=CC=C(O)C=C8)=O","O=C(O)C(NC(=O)C1NC(=O)C(NC(=O)C(NC(=O)C2NC(=O)C(NC(=O)C3N(C(=O)C(NC(=O)C(NC(=O)C(NC(=O)C(NC(=O)C(NC(=O)CNC(=O)C(NC(=O)C)CC4=CC=C(O)C=C4)CC(=O)N)C(OC(=O)C2)C)CCSC)CCCCNC(=O)CC1)CC5=CC=C(O)C=C5)CCC3)CO)CC6=CNC=7C=CC=CC76)CCC(=O)OC)CC8=CC=C(O)C=C8","","N/A","N/A","N/A","N/A","4.31","N/A"
"77","C_BNCSFXKJMAWFSD-FBBTTXGWSA-N","CC(N[C@H](C(N[C@H](C(N[C@@H]([C@@H](C)OC(C[C@H](NC1=O)C(N[C@@H](CC2=CC=CC=C2)C(N[C@@H](CCC(OC)=O)C(N[C@H](C(N[C@@H](CC3=CC=CC=C3)C(O)=O)=O)CC(NCCCC[C@@H](C(N[C@@H](CC4=CC=C(O)C=C4)C(N5CCC[C@H]5C(N[C@H]1CO)=O)=O)=O)NC6=O)=O)=O)=O)=O)=O)C(N[C@H]6CC7=CC=C(O)C=C7)=O)=O)CO)=O)CC8=CC=CC=C8)=O","O=C(O)C(NC(=O)C1NC(=O)C(NC(=O)C(NC(=O)C2NC(=O)C(NC(=O)C3N(C(=O)C(NC(=O)C(NC(=O)C(NC(=O)C(NC(=O)C(NC(=O)C(NC(=O)C)CC=4C=CC=CC4)CO)C(OC(=O)C2)C)CC5=CC=C(O)C=C5)CCCCNC(=O)C1)CC6=CC=C(O)C=C6)CCC3)CO)CC=7C=CC=CC7)CCC(=O)OC)CC=8C=CC=CC8","","N/A","N/A","N/A","N/A","4.31","N/A"
"78","C_BFGWTGFCCHCPDG-FBBTTXGWSA-N","CC(N[C@H](C(N[C@H](C(N[C@@H]([C@@H](C)O)C(N[C@H](C(N[C@@H](CCCCNC(C[C@H](NC([C@@H](NC([C@@H](NC([C@@H](NC1=O)CC(O)=O)=O)CC2=CC=CC=C2)=O)CCC(OC)=O)=O)C(N[C@@H](CC3=CC=CC=C3)C(O)=O)=O)=O)C(N[C@@H](CC4=CC=C(O)C=C4)C(N5CCC[C@H]5C(N[C@H]1CO)=O)=O)=O)=O)CC6=CC=C(O)C=C6)=O)=O)CO)=O)CC7=CC=CC=C7)=O","O=C(O)CC1NC(=O)C(NC(=O)C2N(C(=O)C(NC(=O)C(NC(=O)C(NC(=O)C(NC(=O)C(NC(=O)C(NC(=O)C)CC=3C=CC=CC3)CO)C(O)C)CC4=CC=C(O)C=C4)CCCCNC(=O)CC(NC(=O)C(NC(=O)C(NC1=O)CC=5C=CC=CC5)CCC(=O)OC)C(=O)NC(C(=O)O)CC=6C=CC=CC6)CC7=CC=C(O)C=C7)CCC2)CO","","N/A","N/A","N/A","N/A","4.31","N/A"
"79","C_QYOGCHNVZHLFTR-RYWAYVEBSA-N","CC(C)[C@@H](C(=O)N[C@@H](CCC1=CC=C(C=C1)O)C(=O)O)N(C)C(=O)[C@H](CO)NC(=O)[C@H]([C@@H](CCCCCCCCl)N)O","O=C(O)C(NC(=O)C(N(C(=O)C(NC(=O)C(O)C(N)CCCCCCCCl)CO)C)C(C)C)CCC1=CC=C(O)C=C1","","N/A","3.75","4.32","4.04","4.11","4.06"
"80","C_NDDICYYHCIGFPY-OOXANGRUSA-N","CC([C@H](N(C([C@@H](NC([C@@H](O)[C@H](N)CCCCCCC(Cl)Cl)=O)CO)=O)C)C(N[C@H](C(O)=O)CCC1=CC=C(O)C=C1)=O)C","O=C(O)C(NC(=O)C(N(C(=O)C(NC(=O)C(O)C(N)CCCCCCC(Cl)Cl)CO)C)C(C)C)CCC1=CC=C(O)C=C1","","N/A","3.94","4.57","4.14","4.11","4.19"
"81","C_BHCCHKMYTWNSMQ-UHFFFAOYSA-N","C=CC(C)(C)NC(CC1=CC=CC=C1)C(NC(C2=NC(C(OC)=O)=CS2)C(C)CC)=O","O=C(OC)C=1N=C(SC1)C(NC(=O)C(NC(C=C)(C)C)CC=2C=CC=CC2)C(C)CC","","N/A","4.77","4.74","6.57","5.47","5.39"
"82","C_BSKBLBJGHGFEGG-KVBLEGFGSA-N","C[C@H]1C(N[C@@H](CC2=CC=CC=C2)C(NCCCC[C@@H](NC(N[C@@H](C(O)=O)CCC/N=C(N)\N)=O)C(N[C@@H](C(C)C)C(NC(CCC3=CC(C)=C(O)C=C3)C(N1C)=O)=O)=O)=O)=O","O=C(O)C(NC(=O)NC1C(=O)NC(C(=O)NC(C(=O)N(C)C(C(=O)NC(C(=O)NCCCC1)CC=2C=CC=CC2)C)CCC3=CC=C(O)C(=C3)C)C(C)C)CCCN=C(N)N","","N/A","4.03","5.11","N/A","4.11","4.42"
"83","226416-60-0","C[C@H]1C(N[C@@H](CC2=CC=CC=C2)C(NCCCC[C@@H](NC(N[C@@H](C(O)=O)CCC/N=C(N)\N)=O)C(N[C@@H]([C@H](C)CC)C(NC(CCC3=CC=C(O)C=C3)C(N1C)=O)=O)=O)=O)=O","[H]C1(NC(=O)C([H])(NC(=O)C(NC(=O)NC(C(=O)O)CCCNC(=N)N)CCCCNC(=O)C(NC(=O)C(N(C1=O)C)C)CC=2C=CC=CC2)C(C)CC)CCC3=CC=C(O)C=C3","","N/A","3.80","4.38","N/A","4.29","4.16"
"84","C_UGFHKRCKPZSIIX-HKDLZGAVSA-N","C[C@H](O1)[C@@H](C(N[C@H](C(N[C@@H]2C([N@]([C@@H](CC2)O)[C@H](C(N([C@@H](C(N[C@@H]([C@@H](CC)C)C1=O)=O)CC3=CC=CC=C3)C)=O)[C@H](C)CC)=O)=O)CCC(C=C4)=CC=C4O)=O)NC([C@@H](COS(O)(=O)=O)OC)=O","O=C1OC(C)C(NC(=O)C(OC)COS(=O)(=O)O)C(=O)NC(C(=O)NC2C(=O)N(C(O)CC2)C(C(=O)N(C)C(C(=O)NC1C(C)CC)CC=3C=CC=CC3)C(C)CC)CCC4=CC=C(O)C=C4","","N/A","N/A","N/A","N/A","4.11","N/A"
"85","C_AQKSWWARSJIVMX-HKDLZGAVSA-N","C[C@H](O1)[C@@H](C(N[C@H](C(N[C@@H]2C([N@]([C@@H](CC2)O)[C@H](C(N([C@@H](C(N[C@@H]([C@@H](CC)C)C1=O)=O)CC3=CC=CC=C3)C)=O)[C@H](C)CC)=O)=O)CCC(C=C4)=CC=C4O)=O)NC([C@@H](CO)OC)=O","O=C1OC(C)C(NC(=O)C(OC)CO)C(=O)NC(C(=O)NC2C(=O)N(C(O)CC2)C(C(=O)N(C)C(C(=O)NC1C(C)CC)CC=3C=CC=CC3)C(C)CC)CCC4=CC=C(O)C=C4","","N/A","4.50","4.61","N/A","4.11","4.41"
"86","C_KCAKUFQSCADGHZ-TXKNDHRYSA-N","C[C@@H]([C@H]1C(NC(CCC2=CC=C(O)C=C2)C(N(C)C(C)C(N[C@@H](CC3=CC=CC=C3)C(NCCCC[C@@H](NC(N[C@H](C(O)=O)CC4=CC=C(O)C=C4)=O)C(N1)=O)=O)=O)=O)=O)CC","O=C(O)C(NC(=O)NC1C(=O)NC(C(=O)NC(C(=O)N(C)C(C(=O)NC(C(=O)NCCCC1)CC=2C=CC=CC2)C)CCC3=CC=C(O)C=C3)C(C)CC)CC4=CC=C(O)C=C4","","N/A","5.09","5.48","N/A","4.11","4.89"
"87","C_BUCFGLPCTVELLO-YNVQRWCBSA-N","O=C1C[C@@H](C(N[C@@H](CC(C)C)C(N[C@H](C(N[C@H](C(N[C@H](C(O)=O)CCCNC(N)=N)=O)CC(NCCCC2)=O)=O)CCC(OC3)=O)=O)=O)NC([C@H]3NC([C@H]4N(CCC4)C([C@H](CC5=CC=CC=C5)NC([C@H]2NC([C@H](CC6=CC=C(O)C=C6)NC([C@@H](NC([C@H](CC7=CNC8=C7C=CC=C8)NC([C@H]9N(C([C@H](C(C)C)NC([C@H](CCC(O)=O)NC([C@](NC(CNC([C@@H](NC([C@](NC([C@@H](N)C)=O)([H])[C@H](O)C)=O)CCC(O)=O)=O)=O)([H])[C@@H](C)O)=O)=O)=O)CCC9)=O)=O)[C@@H](C)O1)=O)=O)=O)=O)=O)=O","[H]C(NC(=O)CNC(=O)C(NC(=O)C([H])(NC(=O)C(N)C)C(O)C)CCC(=O)O)(C(=O)NC(C(=O)NC(C(=O)N1CCCC1C(=O)NC(C(=O)NC2C(=O)NC(C(=O)NC3C(=O)NC(C(=O)N4CCCC4C(=O)NC5C(=O)NC(C(=O)NC(C(=O)NC(C(=O)NC(C(=O)NC(C(=O)O)CCCNC(=N)N)CC(=O)NCCCC3)CCC(=O)OC5)CC(C)C)CC(=O)OC2C)CC=6C=CC=CC6)CC7=CC=C(O)C=C7)CC8=CNC=9C=CC=CC98)C(C)C)CCC(=O)O)C(O)C","","N/A","N/A","N/A","N/A","4.31","N/A"
"88","C_XBTJRTITHOCUBJ-RTESABESSA-N","O=C1C[C@@H](C(N[C@@H](CC(C)C)C(N[C@H](C(N[C@H](C(N[C@H](C(O)=O)CCCNC(N)=N)=O)CC(NCCCC2)=O)=O)CCC(OC3)=O)=O)=O)NC([C@H]3NC([C@H]4N(CCC4)C([C@H](CC5=CC=CC=C5)NC([C@H]2NC([C@H](CC6=CC=C(O)C=C6)NC([C@@H](NC([C@H](CC7=CNC8=C7C=CC=C8)NC([C@H]9N(C([C@H](C(C)C)NC([C@H](CCC(O)=O)NC([C@](NC(CNC([C@@H](NC([C@](N)([H])[C@H](O)C)=O)CCC(O)=O)=O)=O)([H])[C@@H](C)O)=O)=O)=O)CCC9)=O)=O)[C@@H](C)O1)=O)=O)=O)=O)=O)=O","[H]C(N)(C(=O)NC(C(=O)NCC(=O)NC([H])(C(=O)NC(C(=O)NC(C(=O)N1CCCC1C(=O)NC(C(=O)NC2C(=O)NC(C(=O)NC3C(=O)NC(C(=O)N4CCCC4C(=O)NC5C(=O)NC(C(=O)NC(C(=O)NC(C(=O)NC(C(=O)NC(C(=O)O)CCCNC(=N)N)CC(=O)NCCCC3)CCC(=O)OC5)CC(C)C)CC(=O)OC2C)CC=6C=CC=CC6)CC7=CC=C(O)C=C7)CC8=CNC=9C=CC=CC98)C(C)C)CCC(=O)O)C(O)C)CCC(=O)O)C(O)C","","N/A","N/A","N/A","N/A","4.31","N/A"
"89","C_VPBFOEOIIUFLET-JYAURXKXSA-N","O=C1C[C@@H](C(N[C@@H](CC(C)C)C(N[C@H](C(N[C@H](C(N[C@H](C(O)=O)CCCNC(N)=N)=O)CC(NCCCC2)=O)=O)CCC(OC3)=O)=O)=O)NC([C@H]3NC([C@H]4N(CCC4)C([C@H](CC5=CC=CC=C5)NC([C@H]2NC([C@H](CC6=CC=C(O)C=C6)NC([C@@H](NC([C@H](CC7=CNC8=C7C=CC=C8)NC([C@H]9N(C([C@H](C(C)C)NC([C@H](CCC(O)=O)NC([C@](NC(CNC([C@@H](N)CCC(O)=O)=O)=O)([H])[C@@H](C)O)=O)=O)=O)CCC9)=O)=O)[C@@H](C)O1)=O)=O)=O)=O)=O)=O","[H]C(NC(=O)CNC(=O)C(N)CCC(=O)O)(C(=O)NC(C(=O)NC(C(=O)N1CCCC1C(=O)NC(C(=O)NC2C(=O)NC(C(=O)NC3C(=O)NC(C(=O)N4CCCC4C(=O)NC5C(=O)NC(C(=O)NC(C(=O)NC(C(=O)NC(C(=O)NC(C(=O)O)CCCNC(=N)N)CC(=O)NCCCC3)CCC(=O)OC5)CC(C)C)CC(=O)OC2C)CC=6C=CC=CC6)CC7=CC=C(O)C=C7)CC8=CNC=9C=CC=CC98)C(C)C)CCC(=O)O)C(O)C","","N/A","N/A","N/A","N/A","4.31","N/A"
"90","C_NHBPCOSRFMASCI-AJDAMCSJSA-N","O=C1C[C@@H](C(N[C@@H](CC(C)C)C(N[C@H](C(N[C@H](C(N[C@H](C(O)=O)CCCNC(N)=N)=O)CC(NCCCC2)=O)=O)CCC(OC3)=O)=O)=O)NC([C@H]3NC([C@H]4N(CCC4)C([C@H](CC5=CC=CC=C5)NC([C@H]2NC([C@H](CC6=CC=C(O)C=C6)NC([C@@H](NC([C@H](CC7=CNC8=C7C=CC=C8)NC([C@H]9N(C([C@H](C(C)C)NC([C@H](CCC(O)=O)NC([C@](NC(CN)=O)([H])[C@@H](C)O)=O)=O)=O)CCC9)=O)=O)[C@@H](C)O1)=O)=O)=O)=O)=O)=O","[H]C(NC(=O)CN)(C(=O)NC(C(=O)NC(C(=O)N1CCCC1C(=O)NC(C(=O)NC2C(=O)NC(C(=O)NC3C(=O)NC(C(=O)N4CCCC4C(=O)NC5C(=O)NC(C(=O)NC(C(=O)NC(C(=O)NC(C(=O)NC(C(=O)O)CCCNC(=N)N)CC(=O)NCCCC3)CCC(=O)OC5)CC(C)C)CC(=O)OC2C)CC=6C=CC=CC6)CC7=CC=C(O)C=C7)CC8=CNC=9C=CC=CC98)C(C)C)CCC(=O)O)C(O)C","","N/A","N/A","N/A","N/A","4.31","N/A"
"91","C_UXTWYEYETQOGND-KTRRIIGVSA-N","O=C1C[C@@H](C(N[C@@H](CC(C)C)C(N[C@H](C(N[C@H](C(N[C@H](C(O)=O)CCCNC(N)=N)=O)CC(NCCCC2)=O)=O)CCC(OC3)=O)=O)=O)NC([C@H]3NC([C@H]4N(CCC4)C([C@H](CC5=CC=CC=C5)NC([C@H]2NC([C@H](CC6=CC=C(O)C=C6)NC([C@@H](NC([C@H](CC7=CNC8=C7C=CC=C8)NC([C@H]9N(C([C@H](C(C)C)NC([C@H](CCC(O)=O)NC([C@](N)([H])[C@@H](C)O)=O)=O)=O)CCC9)=O)=O)[C@@H](C)O1)=O)=O)=O)=O)=O)=O","[H]C(N)(C(=O)NC(C(=O)NC(C(=O)N1CCCC1C(=O)NC(C(=O)NC2C(=O)NC(C(=O)NC3C(=O)NC(C(=O)N4CCCC4C(=O)NC5C(=O)NC(C(=O)NC(C(=O)NC(C(=O)NC(C(=O)NC(C(=O)O)CCCNC(=N)N)CC(=O)NCCCC3)CCC(=O)OC5)CC(C)C)CC(=O)OC2C)CC=6C=CC=CC6)CC7=CC=C(O)C=C7)CC8=CNC=9C=CC=CC98)C(C)C)CCC(=O)O)C(O)C","","N/A","N/A","N/A","N/A","4.31","N/A"
"92","C_CSSLOCPSDAMIML-IUVQFDFLSA-N","O=C1C[C@@H](C(N[C@@H](CC(C)C)C(N[C@H](C(N[C@H](C(N[C@H](C(O)=O)CCCNC(N)=N)=O)CC(NCCCC2)=O)=O)CCC(OC3)=O)=O)=O)NC([C@H]3NC([C@H]4N(CCC4)C([C@H](CC5=CC=CC=C5)NC([C@H]2NC([C@H](CC6=CC=C(O)C=C6)NC([C@@H](NC([C@H](CC7=CNC8=C7C=CC=C8)NC([C@H]9N(C([C@H](C(C)C)NC([C@H](CCC(O)=O)N)=O)=O)CCC9)=O)=O)[C@@H](C)O1)=O)=O)=O)=O)=O)=O","O=C(O)CCC(N)C(=O)NC(C(=O)N1CCCC1C(=O)NC(C(=O)NC2C(=O)NC(C(=O)NC3C(=O)NC(C(=O)N4CCCC4C(=O)NC5C(=O)NC(C(=O)NC(C(=O)NC(C(=O)NC(C(=O)NC(C(=O)O)CCCNC(=N)N)CC(=O)NCCCC3)CCC(=O)OC5)CC(C)C)CC(=O)OC2C)CC=6C=CC=CC6)CC7=CC=C(O)C=C7)CC8=CNC=9C=CC=CC98)C(C)C","","N/A","N/A","N/A","N/A","4.31","N/A"
"93","C_UIBNBIYGQJPKAS-DHYMJBHJSA-N","O=C1C[C@@H](C(N[C@@H](CC(C)C)C(N[C@H](C(N[C@H](C(N[C@H](C(O)=O)CCCNC(N)=N)=O)CC(NCCCC2)=O)=O)CCC(OC3)=O)=O)=O)NC([C@H]3NC([C@H]4N(CCC4)C([C@H](CC5=CC=CC=C5)NC([C@H]2NC([C@H](CC6=CC=C(O)C=C6)NC([C@@H](NC([C@H](CC7=CNC8=C7C=CC=C8)NC([C@H]9N(C([C@H](C(C)C)N)=O)CCC9)=O)=O)[C@@H](C)O1)=O)=O)=O)=O)=O)=O","O=C1OCC2NC(=O)C3N(C(=O)C(NC(=O)C4NC(=O)C(NC(=O)C(NC(=O)C(NC(=O)C5N(C(=O)C(N)C(C)C)CCC5)CC6=CNC=7C=CC=CC76)C(OC(=O)CC(NC2=O)C(=O)NC(C(=O)NC(C(=O)NC(C(=O)NC(C(=O)O)CCCNC(=N)N)CC(=O)NCCCC4)CC1)CC(C)C)C)CC8=CC=C(O)C=C8)CC=9C=CC=CC9)CCC3","","N/A","N/A","N/A","N/A","4.31","N/A"
"94","C_LUFQICSUKUWVRP-MNARVTDESA-N","O=C(N[C@@H](CCC1=CC=CC=C1)C(NCCCC[C@@H](NC(N[C@H](C(O)=O)CC2=CC=CC=C2)=O)C(NC([C@@H](CC)C)C(N[C@H]3CCC4=CC=C(O)C(Cl)=C4)=O)=O)=O)CN(C)C3=O","O=C(O)C(NC(=O)NC1C(=O)NC(C(=O)NC(C(=O)N(C)CC(=O)NC(C(=O)NCCCC1)CCC=2C=CC=CC2)CCC3=CC=C(O)C(Cl)=C3)C(C)CC)CC=4C=CC=CC4","","N/A","5.50","5.69","N/A","4.11","5.10"
"95","C_AKTQIVLQGNQCFP-BEJGRMFCSA-N","O=C(N[C@@H](CCC1=CC=C(O)C=C1)C(NCCCC[C@@H](NC(N[C@H](C(O)=O)CC2=CC=CC=C2)=O)C(N[C@@H](C(C)C)C(N[C@H]3CCC4=CC=C(O)C=C4)=O)=O)=O)CN(C)C3=O","O=C(O)C(NC(=O)NC1C(=O)NC(C(=O)NC(C(=O)N(C)CC(=O)NC(C(=O)NCCCC1)CCC2=CC=C(O)C=C2)CCC3=CC=C(O)C=C3)C(C)C)CC=4C=CC=CC4","","N/A","4.90","5.29","N/A","4.11","4.77"
"96","C_UXQIEZUCKOUNCO-ADGXWODGSA-N","O=C(N[C@@H](CCC1=CC(Cl)=C(O)C=C1)C(NCCCC[C@@H](NC(N[C@H](C(O)=O)CC2=CC=CC=C2)=O)C(NC([C@@H](CC)C)C(N[C@H]3CCC4=CC=C(O)C=C4)=O)=O)=O)CN(C)C3=O","O=C(O)C(NC(=O)NC1C(=O)NC(C(=O)NC(C(=O)N(C)CC(=O)NC(C(=O)NCCCC1)CCC2=CC=C(O)C(Cl)=C2)CCC3=CC=C(O)C=C3)C(C)CC)CC=4C=CC=CC4","","N/A","5.65","5.83","N/A","4.11","5.20"
"97","C_WOIGHBADSHJGAI-JVCFYIMBSA-N","O=C(N[C@@H](CCC1=CC(Cl)=C(O)C=C1)C(NCCCC[C@@H](NC(N[C@H](C(O)=O)CC2=CC=CC=C2)=O)C(N[C@H](C(C)C)C(N[C@H]3CCC4=CC=C(O)C=C4)=O)=O)=O)CN(C)C3=O","O=C(O)C(NC(=O)NC1C(=O)NC(C(=O)NC(C(=O)N(C)CC(=O)NC(C(=O)NCCCC1)CCC2=CC=C(O)C(Cl)=C2)CCC3=CC=C(O)C=C3)C(C)C)CC=4C=CC=CC4","","N/A","5.50","5.66","N/A","4.11","5.09"
"98","C_VAAMNJLBXPQYCU-PXNRAKBUSA-N","CC(N[C@@H]([C@H](C)CC)C(N[C@H]1COC([C@@H]2CCCN2C([C@@H](NC([C@@H](NC(CNC([C@H](NC(CC([C@@H](NC([C@@H]3C[C@@H](CN3C1=O)C)=O)CC(C)C)=O)=O)CC(C)C)=O)=O)CC(N)=O)=O)CC4=CC=C(C=C4)O)=O)=O)=O)=O","O=C(N)CC1NC(=O)CNC(=O)C(NC(=O)CC(=O)C(NC(=O)C2N(C(=O)C(NC(=O)C(NC(=O)C)C(C)CC)COC(=O)C3N(C(=O)C(NC1=O)CC4=CC=C(O)C=C4)CCC3)CC(C)C2)CC(C)C)CC(C)C","","N/A","4.28","4.19","N/A","4.11","4.19"
"99","C_WHFXVNGDVHVYFT-UHFFFAOYSA-N","O=C(NC(CCCCNC(C(CCC1=CC=CC=C1)NC(C(C)N2C)=O)=O)C(NC(C(C)CC)C(NC(C2=O)CCC3=CC=CC=C3)=O)=O)NC(C(O)=O)C(CC)C","O=C(NC1C(=O)NC(C(=O)NC(C(=O)N(C)C(C(=O)NC(C(=O)NCCCC1)CCC=2C=CC=CC2)C)CCC=3C=CC=CC3)C(C)CC)NC(C(=O)O)C(C)CC","","N/A","4.55","5.13","N/A","4.29","4.66"
"100","C_HTIYBOWAXIGUGD-UHFFFAOYSA-N","O=C(NC(CCCCNC(C(CC1=CC=CC=C1)NC(C(C)NC2=O)=O)=O)C(NC(C(C)CC)C(NC2CCC3=CC=CC=C3)=O)=O)NC(C(O)=O)C(CC)C","O=C(NC1C(=O)NC(C(=O)NC(C(=O)NC(C(=O)NC(C(=O)NCCCC1)CC=2C=CC=CC2)C)CCC=3C=CC=CC3)C(C)CC)NC(C(=O)O)C(C)CC","","N/A","4.42","4.87","N/A","4.29","4.53"
"101","C_DPIGYJZDLCREAR-UHFFFAOYSA-N","O=C(NC(CCCCNC(C(CC1=CC=CC=C1)NC(C(C)N2C)=O)=O)C(NC(C(C)CC)C(NC(C2=O)CCC3=CC=CC=C3)=O)=O)NC(C(O)=O)C(C)C","O=C(NC1C(=O)NC(C(=O)NC(C(=O)N(C)C(C(=O)NC(C(=O)NCCCC1)CC=2C=CC=CC2)C)CCC=3C=CC=CC3)C(C)CC)NC(C(=O)O)C(C)C","","N/A","4.28","4.81","N/A","4.29","4.46"
"102","C_KGFUYDMPOJTFDW-UHFFFAOYSA-N","O=C(NC(CCCCNC(C(CC1=CC=CC=C1)NC(C(C)N2C)=O)=O)C(NC(C(C)C)C(NC(C2=O)CCC3=CC=CC=C3)=O)=O)NC(C(O)=O)C(CC)C","O=C(NC1C(=O)NC(C(=O)NC(C(=O)N(C)C(C(=O)NC(C(=O)NCCCC1)CC=2C=CC=CC2)C)CCC=3C=CC=CC3)C(C)C)NC(C(=O)O)C(C)CC","","N/A","4.29","4.81","N/A","4.29","4.46"
"103","C_WVQVWUCJRVUECI-DKTDNSISSA-N","O=C(NC(C(N[C@H](C(NC(CCCNC(N)=N)C=O)=O)[C@@H](C)CC)=O)CCC1=CC=CC=C1)C(CC2=CC=C(C=C2)O)O","O=CC(NC(=O)C(NC(=O)C(NC(=O)C(O)CC1=CC=C(O)C=C1)CCC=2C=CC=CC2)C(C)CC)CCCNC(=N)N","","N/A","4.65","4.65","N/A","4.29","4.53"
"104","C_QACTZPSCGSGUNG-GYWLOTNVSA-N","O=C(N[C@@H](C(N[C@H](C(NC(CCCNC(N)=N)C=O)=O)[C@@H](C)CC)=O)CCC1=CC=C(C=C1)O)C(CC2=CC=C(C=C2)O)O","O=CC(NC(=O)C(NC(=O)C(NC(=O)C(O)CC1=CC=C(O)C=C1)CCC2=CC=C(O)C=C2)C(C)CC)CCCNC(=N)N","","N/A","4.77","4.77","N/A","4.29","4.61"
"105","C_CFKHCDRISBRUFQ-COKUGGSTSA-N","O=C(C(O)CC1=CC=C(O)C=C1)NC(CCC2=CC=CC=C2)C(N[C@@H](CC(C)C)C(NC(C=O)CCCNC(N)=N)=O)=O","O=CC(NC(=O)C(NC(=O)C(NC(=O)C(O)CC1=CC=C(O)C=C1)CCC=2C=CC=CC2)CC(C)C)CCCNC(=N)N","","N/A","4.63","4.63","N/A","4.29","4.52"
"106","C_ZCYAPDWORPSULN-WSXXUSQGSA-N","O=C(C(O)CC1=CC=C(O)C=C1)NC(CCC2=CC=CC=C2)C(N[C@@H](C(C)C)C(NC(C=O)CCCNC(N)=N)=O)=O","O=CC(NC(=O)C(NC(=O)C(NC(=O)C(O)CC1=CC=C(O)C=C1)CCC=2C=CC=CC2)C(C)C)CCCNC(=N)N","","N/A","4.48","4.48","N/A","4.29","4.42"
"107","C_NGBBDYSACOVTOR-UOIHDSSCSA-N","O=C(C(O)CC1=CC=C(O)C=C1)N[C@H](CCC2=CC=C(O)C=C2)C(N[C@@H](CC(C)C)C(NC(C=O)CCCNC(N)=N)=O)=O","O=CC(NC(=O)C(NC(=O)C(NC(=O)C(O)CC1=CC=C(O)C=C1)CCC2=CC=C(O)C=C2)CC(C)C)CCCNC(=N)N","","N/A","4.76","4.76","N/A","4.29","4.61"
"108","C_ZSCHPQBYWNYITD-RWLGUYTISA-N","O=C(C(O)CC1=CC=C(O)C=C1)N[C@H](CCC2=CC=C(O)C=C2)C(N[C@@H](C(C)C)C(NC(C=O)CCCNC(N)=N)=O)=O","O=CC(NC(=O)C(NC(=O)C(NC(=O)C(O)CC1=CC=C(O)C=C1)CCC2=CC=C(O)C=C2)C(C)C)CCCNC(=N)N","","N/A","4.60","4.60","N/A","4.29","4.50"
"109","C_YLSOIPHOXMRWGW-UHFFFAOYSA-N","O=C(C(C(C)CC)NC(C(CCCCN1)NC(NC(C(O)=O)C(CC)C)=O)=O)NC(C1=O)CCC2=CC=CC=C2","O=C(NC1C(=O)NC(C(=O)NC(C(=O)NCCCC1)CCC=2C=CC=CC2)C(C)CC)NC(C(=O)O)C(C)CC","","N/A","3.54","4.44","4.21","4.29","4.12"
"110","C_QTCHCQNUOWJCTH-UHFFFAOYSA-N","O=C(C(C(C)CC)NC(C(CCCCN1)NC(NC(C(O)=O)C(C)C)=O)=O)NC(C1=O)CCC2=CC=CC=C2","O=C(NC1C(=O)NC(C(=O)NC(C(=O)NCCCC1)CCC=2C=CC=CC2)C(C)CC)NC(C(=O)O)C(C)C","","N/A","3.43","4.27","4.11","4.29","4.02"
"111","C_KSERJDNPRNPELX-UHFFFAOYSA-N","O=C(C(C(C)C)NC(C(CCCCN1)NC(NC(C(O)=O)C(CC)C)=O)=O)NC(C1=O)CCC2=CC=CC=C2","O=C(NC1C(=O)NC(C(=O)NC(C(=O)NCCCC1)CCC=2C=CC=CC2)C(C)C)NC(C(=O)O)C(C)CC","","N/A","3.45","4.28","4.11","4.29","4.03"
"112","C_OYHPNVXZUBWKJE-NDJHOONXSA-N","CC[C@@H]([C@H]1C(N[C@@H](CO)C(N2C[C@@H](C)C[C@H]2C(N[C@@H](CC3=CC=CC=C3)/C=N\[C@@H](CC4=CC=C(O)C=C4)C(NCC(N[C@H](CCC(N)=O)C(N1)=O)=O)=O)=O)=O)=O)C","O=C(N)CCC1NC(=O)CNC(=O)C(N=CC(NC(=O)C2N(C(=O)C(NC(=O)C(NC1=O)C(C)CC)CO)CC(C)C2)CC=3C=CC=CC3)CC4=CC=C(O)C=C4","","N/A","4.67","5.38","N/A","4.11","4.72"
"113","C_IFBHVTFUCLENGH-VHTRSIFJSA-N","CC[C@@H]([C@H]1C(N[C@@H](CO)C(N2C[C@@H](C)C[C@H]2C(N[C@@H](CC3=CC=C(C)C=C3)/C=N\[C@@H](CC4=CC=C(O)C=C4)C(NCC(N[C@H](CCC(N)=O)C(N1)=O)=O)=O)=O)=O)=O)C","O=C(N)CCC1NC(=O)CNC(=O)C(N=CC(NC(=O)C2N(C(=O)C(NC(=O)C(NC1=O)C(C)CC)CO)CC(C)C2)CC3=CC=C(C=C3)C)CC4=CC=C(O)C=C4","","N/A","4.82","5.63","N/A","4.11","4.86"
"114","C_TZHROWIOAVYSMP-DOPKCXIESA-N","CC[C@@H]([C@H]1C(N[C@@H](CO)C(N2C[C@@H](C)C[C@H]2C(N[C@@H](CC(C)C)/C([H])=N/[C@@H](CC3=CC=C(O)C=C3)C(NCC(N[C@H](CCC(N)=O)C(N1)=O)=O)=O)=O)=O)=O)C","[H]C1=NC(C(=O)NCC(=O)NC(C(=O)NC(C(=O)NC(C(=O)N2CC(C)CC2C(=O)NC1CC(C)C)CO)C(C)CC)CCC(=O)N)CC3=CC=C(O)C=C3","","N/A","4.41","5.15","N/A","4.11","4.55"
"115","C_XHBISUXCZPXBOS-CZHVHIQZSA-N","CC(N[C@H](C(N1CCC[C@H]1C(N[C@H](C(N[C@@H]([C@@H](C)OC(C[C@H](NC2=O)C(N[C@@H](CC3=CNC4=C3C=CC=C4)C(N[C@@H](CCC(OC[C@@H]2NC5=O)=O)C(N[C@H](C(N[C@@H](CC6=CC=C(O)C=C6)C(O)=O)=O)CCC(NCCCC[C@@H](C(N[C@@H](CC7=CC=C(O)C=C7)C(N8CCC[C@H]85)=O)=O)NC9=O)=O)=O)=O)=O)=O)C(N[C@H]9CC(C)C)=O)=O)CCC(N)=O)=O)=O)CC%10=CC=C(O)C=C%10)=O","O=C(O)C(NC(=O)C1NC(=O)C2NC(=O)C(NC(=O)C3NC(=O)C(NC(=O)C4N(C(=O)C(NC(=O)C(NC(=O)C(NC(=O)C(NC(=O)C(NC(=O)C5N(C(=O)C(NC(=O)C)CC6=CC=C(O)C=C6)CCC5)CCC(=O)N)C(OC(=O)C3)C)CC(C)C)CCCCNC(=O)CC1)CC7=CC=C(O)C=C7)CCC4)COC(=O)CC2)CC8=CNC=9C=CC=CC98)CC%10=CC=C(O)C=C%10","","N/A","N/A","N/A","N/A","4.31","N/A"
"116","C_UGNBQCBVWHMOCX-PIDJHHABSA-N","CC(N[C@H](C(N1CCC[C@H]1C(N[C@H](C(N[C@@H]([C@@H](C)OC(C[C@H](NC2=O)C(N[C@@H](CC3=CNC4=C3C=CC=C4)C(N[C@@H](CCC(OC)=O)C(N[C@H](C(N[C@@H](CC5=CC=C(O)C=C5)C(O)=O)=O)CCC(NCCCC[C@@H](C(N[C@@H](CC6=CC=C(O)C=C6)C(N7CCC[C@H]7C(N[C@H]2CO)=O)=O)=O)NC8=O)=O)=O)=O)=O)=O)C(N[C@H]8CC(C)C)=O)=O)CCC(N)=O)=O)=O)CC9=CC=C(O)C=C9)=O","O=C(O)C(NC(=O)C1NC(=O)C(NC(=O)C(NC(=O)C2NC(=O)C(NC(=O)C3N(C(=O)C(NC(=O)C(NC(=O)C(NC(=O)C(NC(=O)C(NC(=O)C4N(C(=O)C(NC(=O)C)CC5=CC=C(O)C=C5)CCC4)CCC(=O)N)C(OC(=O)C2)C)CC(C)C)CCCCNC(=O)CC1)CC6=CC=C(O)C=C6)CCC3)CO)CC7=CNC=8C=CC=CC87)CCC(=O)OC)CC9=CC=C(O)C=C9","","N/A","N/A","N/A","N/A","4.31","N/A"
"117","C_KKMAWFNZQASNQS-QZQHOODISA-N","C[C@@H](CC)[C@H]1C(OC2C(C(NC(C(NC3CCC([N@](C3=O)[C@@H](C(N([C@H](C(N1)=O)CC4=CC=C(C=C4)O)C)=O)[C@H](CC)C)O)=O)CC(C)C)=O)N(C([C@H](CCC(N)=O)NC(CCC)=O)=O)CC2C)=O","O=C(N)CCC(NC(=O)CCC)C(=O)N1CC(C)C2OC(=O)C(NC(=O)C(N(C(=O)C(N3C(=O)C(NC(=O)C(NC(=O)C12)CC(C)C)CCC3O)C(C)CC)C)CC4=CC=C(O)C=C4)C(C)CC","","N/A","4.74","5.25","N/A","4.28","4.76"
"118","C_QMXYZAMGCKYKHQ-FTVIHGQDSA-N","C[C@@H](CC)[C@H]1C(OC2C(C(NC(C(NC3CCC([N@](C3=O)[C@@H](C(N([C@H](C(N1)=O)CC4=CC=C(C=C4)O)C)=O)[C@H](CC)C)O)=O)CC(C)C)=O)N(C([C@H](CCC(N)=O)NC(C)=O)=O)CC2C)=O","O=C(N)CCC(NC(=O)C)C(=O)N1CC(C)C2OC(=O)C(NC(=O)C(N(C(=O)C(N3C(=O)C(NC(=O)C(NC(=O)C12)CC(C)C)CCC3O)C(C)CC)C)CC4=CC=C(O)C=C4)C(C)CC","","N/A","4.39","4.74","N/A","4.28","4.47"
"119","C_COYVFWSNQRUPIO-UHFFFAOYSA-N","O=C(N(C(CCC1=CC=CC=C1)C(NC(COC(C)=O)C2=O)=O)C)C(NC(C(CCSC)NC(C(CCCCN2)NC(NC(C(CC)C)C(O)=O)=O)=O)=O)CCC3=CC=CC=C3","O=C(OCC1NC(=O)C(N(C(=O)C(NC(=O)C(NC(=O)C(NC(=O)NC(C(=O)O)C(C)CC)CCCCNC1=O)CCSC)CCC=2C=CC=CC2)C)CCC=3C=CC=CC3)C","","N/A","4.54","4.76","N/A","4.11","4.47"
"120","C_OJSBBUXEMSSZOX-UHFFFAOYSA-N","O=C(N(C(CCC1=CC=CC=C1)C(NC(COC(C)=O)C2=O)=O)C)C(NC(C(CCS(C)=O)NC(C(CCCCN2)NC(NC(C(CC)C)C(O)=O)=O)=O)=O)CCC3=CC=CC=C3","O=C(OCC1NC(=O)C(N(C(=O)C(NC(=O)C(NC(=O)C(NC(=O)NC(C(=O)O)C(C)CC)CCCCNC1=O)CCS(=O)C)CCC=2C=CC=CC2)C)CCC=3C=CC=CC3)C","","N/A","4.02","4.33","N/A","4.11","4.15"
"121","C_SUNCFXQAEXZGHO-UHFFFAOYSA-N","O=C(N(C(CCC1=CC=CC=C1)C(NC(CO)C2=O)=O)C)C(NC(C(CCSC)NC(C(CCCCN2)NC(NC(C(CC)C)C(O)=O)=O)=O)=O)CCC3=CC=CC=C3","O=C(O)C(NC(=O)NC1C(=O)NC(C(=O)NC(C(=O)N(C)C(C(=O)NC(C(=O)NCCCC1)CO)CCC=2C=CC=CC2)CCC=3C=CC=CC3)CCSC)C(C)CC","","N/A","4.30","4.19","N/A","4.29","4.26"
"122","C_XVMDQBMZIUJUKI-UHFFFAOYSA-N","O=C(N(C(CCC1=CC=CC=C1)C(NC(CCSC)C2=O)=O)C)C(NC(C(CCSC)NC(C(CCCCN2)NC(NC(C(CC)C)C(O)=O)=O)=O)=O)CCC3=CC=CC=C3","O=C(O)C(NC(=O)NC1C(=O)NC(C(=O)NC(C(=O)N(C)C(C(=O)NC(C(=O)NCCCC1)CCSC)CCC=2C=CC=CC2)CCC=3C=CC=CC3)CCSC)C(C)CC","","N/A","4.69","4.61","N/A","4.28","4.52"
"123","C_XTDLZZLFKOTTLJ-UHFFFAOYSA-N","O=C(N(C(CCC1=CC=C(O)C=C1)C(NC(COC(C)=O)C2=O)=O)C)C(NC(C(CCSC)NC(C(CCCCN2)NC(NC(C(CC)C)C(O)=O)=O)=O)=O)CCC3=CC=CC=C3","O=C(OCC1NC(=O)C(N(C(=O)C(NC(=O)C(NC(=O)C(NC(=O)NC(C(=O)O)C(C)CC)CCCCNC1=O)CCSC)CCC=2C=CC=CC2)C)CCC3=CC=C(O)C=C3)C","","N/A","4.69","4.90","N/A","4.11","4.57"
"124","C_LTVNLDSXISIYIL-UHFFFAOYSA-N","O=C(N(C(CCC1=CC=C(O)C=C1)C(NC(COC(C)=O)C2=O)=O)C)C(NC(C(C(CC)C)NC(C(CCCCN2)NC(NC(C(CC)C)C(O)=O)=O)=O)=O)CCC3=CC=CC=C3","O=C(NC1C(=O)NC(C(=O)NC(C(=O)N(C)C(C(=O)NC(C(=O)NCCCC1)COC(=O)C)CCC2=CC=C(O)C=C2)CCC=3C=CC=CC3)C(C)CC)NC(C(=O)O)C(C)CC","","N/A","4.78","5.45","N/A","4.11","4.78"
"125","C_HPWAFILCPDHQOK-UHFFFAOYSA-N","O=C(N(C(CCC1=CC=C(O)C=C1)C(NC(CO)C2=O)=O)C)C(NC(C(CCS(C)=O)NC(C(CCCCN2)NC(NC(C(CC)C)C(O)=O)=O)=O)=O)CCC3=CC=CC=C3","O=C(NC1C(=O)NC(C(=O)NC(C(=O)N(C)C(C(=O)NC(C(=O)NCCCC1)CO)CCC2=CC=C(O)C=C2)CCC=3C=CC=CC3)CCS(=O)C)NC(C(=O)O)C(C)CC","","N/A","3.94","3.91","N/A","4.11","3.99"
"126","C_UVYPXLQJIYVPPA-UHFFFAOYSA-N","O=C(N(C(CCC1=CC=C(O)C=C1)C(NC(CCSC)C2=O)=O)C)C(NC(C(CCSC)NC(C(CCCCN2)NC(NC(C(CC)C)C(O)=O)=O)=O)=O)CCC3=CC=CC=C3","O=C(O)C(NC(=O)NC1C(=O)NC(C(=O)NC(C(=O)N(C)C(C(=O)NC(C(=O)NCCCC1)CCSC)CCC2=CC=C(O)C=C2)CCC=3C=CC=CC3)CCSC)C(C)CC","","N/A","4.84","4.75","N/A","4.28","4.62"
"127","C_YNLGZOMVPIVMEJ-UHFFFAOYSA-N","O=C(N(C(CCC1=CC=C(O)C=C1)C(NC(CCSC)C2=O)=O)C)C(NC(C(C(CC)C)NC(C(CCCCN2)NC(NC(C(CC)C)C(O)=O)=O)=O)=O)CCC3=CC=CC=C3","O=C(NC1C(=O)NC(C(=O)NC(C(=O)N(C)C(C(=O)NC(C(=O)NCCCC1)CCSC)CCC2=CC=C(O)C=C2)CCC=3C=CC=CC3)C(C)CC)NC(C(=O)O)C(C)CC","","N/A","5.11","5.29","N/A","4.28","4.90"
"128","C_YCFHEUGHSRSOFR-LTNJPURBSA-N","C/C=C1C(N[C@@H](C(O)=O)[C@H](C)C(N[C@@H](CCCC/N=C(N)\N)C(N[C@@H](/C=C/C(C)=C/[C@@H]([C@@H](OC)CC2=CC=CC=C2)C)[C@H](C)C(N[C@@H](C(O)=O)CCC(N/1C)=O)=O)=O)=O)=O","O=C(O)C1NC(=O)C(C)C(C=CC(=CC(C)C(OC)CC=2C=CC=CC2)C)NC(=O)C(NC(=O)C(C)C(NC(=O)C(=CC)N(C(=O)CC1)C)C(=O)O)CCCCN=C(N)N","","N/A","3.62","5.30","N/A","4.11","4.34"
"129","C_WZVRXEOKWMIDDV-APHGSVRASA-N","OC1=CC=C(CC(O)C(N[C@H]([C@H](C)CC)C(N2C(C(NCCCCNC(N)=N)=O)CC3C2CC(OS(=O)(O)=O)CC3)=O)=O)C=C1","O=C(NCCCCNC(=N)N)C1N(C(=O)C(NC(=O)C(O)CC2=CC=C(O)C=C2)C(C)CC)C3CC(OS(=O)(=O)O)CCC3C1","","N/A","N/A","N/A","N/A","4.11","N/A"
"130","C_JDIQMZJCZUMKHX-VYYLBCPOSA-N","OC1=CC=C(C[C@@H](O)C(N[C@H]([C@@H](C)CC)C(N2[C@H](C(NCCCCNC(N)=N)=O)C[C@H]3[C@@H]2C[C@H](OS(=O)(O)=O)CC3)=O)=O)C=C1Br","O=C(NCCCCNC(=N)N)C1N(C(=O)C(NC(=O)C(O)CC2=CC=C(O)C(Br)=C2)C(C)CC)C3CC(OS(=O)(=O)O)CCC3C1","","N/A","N/A","N/A","N/A","4.11","N/A"
"131","C_ZRJNSRDWYFDFAT-HASRRMFUSA-N","OC1=CC=C(C[C@@H](O)C(N[C@@H](C(N2[C@H](C(N[C@@H](CCCNC(N)=N)CO)=O)C[C@@]3([H])[C@]2([H])C[C@H](O)CC3)=O)CC(C)C)=O)C=C1","[H]C12N(C(=O)C(NC(=O)C(O)CC3=CC=C(O)C=C3)CC(C)C)C(C(=O)NC(CO)CCCNC(=N)N)CC2([H])CCC(O)C1","","N/A","3.65","3.75","N/A","4.28","3.89"
"132","C_FEBDAAYWFMTVBF-XDUBPDLBSA-N","OC1=CC=C(C[C@@H](O)C(N[C@@H](C(N2[C@H](C(N)=O)C[C@H]3[C@@H]2C[C@H](O)CC3)=O)CC(C)C)=O)C=C1","O=C(N)C1N(C(=O)C(NC(=O)C(O)CC2=CC=C(O)C=C2)CC(C)C)C3CC(O)CCC3C1","","N/A","3.50","4.41","3.66","4.76","4.08"
"133","C_LNRXFFGKAKWQCV-DJKRDFIDSA-N","OC1=C(Cl)C=C(CC(O)C(N[C@H]([C@H](C)CC)C(N2C(C(NCCCCNC(N)=N)=O)CC3C2CC(OS(=O)(O)=O)CC3)=O)=O)C=C1","O=C(NCCCCNC(=N)N)C1N(C(=O)C(NC(=O)C(O)CC2=CC=C(O)C(Cl)=C2)C(C)CC)C3CC(OS(=O)(=O)O)CCC3C1","","N/A","N/A","N/A","N/A","4.11","N/A"
"134","C_PUNPCZIPNYKTCV-TYHNBFPCSA-N","OC([C@@H](NC([C@H](NC(CCC)=O)CC(C)C)=O)CCC(N[C@@H]1C(N[C@H](C(N[C@@H](CC[C@H]2O)C(N2[C@H](C(N([C@H](C(N[C@H](C(O[C@H]1C)=O)[C@H](C)CC)=O)CC3=CC=CC=C3)C)=O)C(C)C)=O)=O)CC(C=C4)=CC=C4O)=O)=O)=O","O=C(O)C(NC(=O)C(NC(=O)CCC)CC(C)C)CCC(=O)NC1C(=O)NC(C(=O)NC2C(=O)N(C(O)CC2)C(C(=O)N(C)C(C(=O)NC(C(=O)OC1C)C(C)CC)CC=3C=CC=CC3)C(C)C)CC4=CC=C(O)C=C4","","N/A","4.57","5.08","N/A","4.11","4.58"
"135","C_LLRIWFOSYFXMLM-KBALIGIFSA-N","O=C(CCC)N[C@H](C(N[C@H](C(OC)=O)CCC(N[C@@H]1C(N[C@H](C(N[C@@H](CC[C@H]2O)C(N2[C@@H](C(N([C@H](C(N[C@H](C(O[C@H]1C)=O)[C@H](CC)C)=O)CC3=CC=CC=C3)C)=O)C(C)C)=O)=O)CC4=CC=C(O)C=C4)=O)=O)=O)CC5=CC=C(O)C=C5","O=C(OC)C(NC(=O)C(NC(=O)CCC)CC1=CC=C(O)C=C1)CCC(=O)NC2C(=O)NC(C(=O)NC3C(=O)N(C(O)CC3)C(C(=O)N(C)C(C(=O)NC(C(=O)OC2C)C(C)CC)CC=4C=CC=CC4)C(C)C)CC5=CC=C(O)C=C5","","N/A","5.57","5.97","N/A","4.11","5.21"
"136","C_GIQUSRUOIKSAJD-HFWDDYMOSA-N","O[C@@H](C(N[C@H](CC1=CC=C(O)C=C1)C(N2C(C(N[C@@H]3C(O)N(C(N)=N)CCC3)=O)CC4C2CC(O)CC4)=O)=O)CC5=CC=C(OS(=O)(O)=O)C=C5","O=C(NC(C(=O)N1C(C(=O)NC2CCCN(C(=N)N)C2O)CC3CCC(O)CC13)CC4=CC=C(O)C=C4)C(O)CC5=CC=C(OS(=O)(=O)O)C=C5","","N/A","N/A","N/A","N/A","4.76","N/A"
"137","C_NGPDQWFWZNXVLZ-FJOPZUAJSA-N","CCCCCC(N[C@H](C(N[C@H]1[C@H](C)OC([C@H](C(C)C)NC([C@H](CC2=CC=CC=C2)N(C)C([C@H](CC(C)C)N3[C@H](O)CC[C@H](NC([C@H](CC4=CC=C(O)C=C4)NC1=O)=O)C3=O)=O)=O)=O)=O)CC(O)=O)=O","O=C(O)CC(NC(=O)CCCCC)C(=O)NC1C(=O)NC(C(=O)NC2C(=O)N(C(O)CC2)C(C(=O)N(C)C(C(=O)NC(C(=O)OC1C)C(C)C)CC=3C=CC=CC3)CC(C)C)CC4=CC=C(O)C=C4","","N/A","4.50","4.86","N/A","4.11","4.49"
"138","C_XKZZUWLVOGBTLH-LGUYJGFTSA-N","CCCCCC(=O)N[C@@H](CC(=O)O)C(=O)N[C@H]1[C@H](OC(=O)[C@@H](NC(=O)[C@@H](N(C(=O)[C@@H](N2[C@@H](CC[C@@H](C2=O)NC(=O)[C@@H](NC1=O)CCCN=C(N)N)O)CC(C)C)C)CC3=CC=CC=C3)C(C)C)C","O=C(O)CC(NC(=O)CCCCC)C(=O)NC1C(=O)NC(C(=O)NC2C(=O)N(C(O)CC2)C(C(=O)N(C)C(C(=O)NC(C(=O)OC1C)C(C)C)CC=3C=CC=CC3)CC(C)C)CCCN=C(N)N","","N/A","3.70","4.39","N/A","4.11","4.07"
"139","C_QOZZMIMTOTZWNP-KWOQDFNWSA-N","CCCCCC(=O)N[C@@H](CC(=O)O)C(=O)N[C@H]1[C@H](OC(=O)[C@@H](NC(=O)[C@@H](N(C(=O)[C@@H](N2[C@@H](CC[C@@H](C2=O)NC(=O)[C@@H](NC1=O)CCCCNC)O)CC(C)C)C)CC3=CC=CC=C3)C(C)C)C","O=C(O)CC(NC(=O)CCCCC)C(=O)NC1C(=O)NC(C(=O)NC2C(=O)N(C(O)CC2)C(C(=O)N(C)C(C(=O)NC(C(=O)OC1C)C(C)C)CC=3C=CC=CC3)CC(C)C)CCCCNC","","N/A","3.59","3.83","N/A","4.11","3.84"
"140","C_KSVGOBQTQGOLQM-WBJGGQTMSA-N","CCCCCC(=O)N[C@@H](CC(=O)O)C(=O)N[C@H]1[C@H](OC(=O)[C@@H](NC(=O)[C@@H](N(C(=O)[C@@H](N2[C@@H](CC[C@@H](C2=O)NC(=O)[C@@H](NC1=O)CCCCN)O)CC(C)C)C)CC3=CC=CC=C3)C(C)C)C","O=C(O)CC(NC(=O)CCCCC)C(=O)NC1C(=O)NC(C(=O)NC2C(=O)N(C(O)CC2)C(C(=O)N(C)C(C(=O)NC(C(=O)OC1C)C(C)C)CC=3C=CC=CC3)CC(C)C)CCCCN","","N/A","3.74","4.23","N/A","4.11","4.03"
"141","C_DXELFTOXIMDPAT-HWSHAAQKSA-N","CCCCCC(=O)N[C@@H](CC(=O)O)C(=O)N[C@H]1[C@H](OC(=O)[C@@H](NC(=O)[C@@H](N(C(=O)[C@@H](N2[C@@H](CC[C@@H](C2=O)NC(=O)[C@@H](NC1=O)CCCCN(C)C)O)CC(C)C)C)CC3=CC=CC=C3)C(C)C)C","O=C(O)CC(NC(=O)CCCCC)C(=O)NC1C(=O)NC(C(=O)NC2C(=O)N(C(O)CC2)C(C(=O)N(C)C(C(=O)NC(C(=O)OC1C)C(C)C)CC=3C=CC=CC3)CC(C)C)CCCCN(C)C","","N/A","3.73","4.08","N/A","4.28","4.03"
"142","C_MPVPJTGCOMUXEY-HRJRIKTRSA-N","CCCC(N[C@@H](CC1=CC=C(C=C1)O)C(N[C@@H](CCC(N[C@H]2[C@@H](OC([C@@H](NC([C@@H](N(C([C@@H](N3[C@@H](CC[C@@H](C3=O)NC([C@@H](NC2=O)CC4CCC(C=C4)O)=O)O)C(C)C)=O)C)CC5=CC=CC=C5)=O)[C@@H](C)CC)=O)C)=O)C(O)=O)=O)=O","O=C(O)C(NC(=O)C(NC(=O)CCC)CC1=CC=C(O)C=C1)CCC(=O)NC2C(=O)NC(C(=O)NC3C(=O)N(C(O)CC3)C(C(=O)N(C)C(C(=O)NC(C(=O)OC2C)C(C)CC)CC=4C=CC=CC4)C(C)C)CC5C=CC(O)CC5","","N/A","4.32","4.78","N/A","4.11","4.40"
"143","C_JFWABYMXSVHLEW-ZUDVWZRRSA-N","CC[C@H](C)[C@H]1C2=N[C@@H]([C@H](O2)C)C(=O)NCC3=NC(=CS3)C(=O)N[C@@H](C4=NC(=CS4)C(=O)N1)[C@@H](C)CC","O=C1NC(C2=NC(C(=O)NCC3=NC(=CS3)C(=O)NC(C4=NC1=CS4)C(C)CC)C(O2)C)C(C)CC","","N/A","4.11","3.35","N/A","4.13","3.86"
"144","C_VJFRQMMMXJJUSM-VZGZUROSSA-N","CC[C@H](C)[C@H]1C2=N[C@@H]([C@H](O2)C)C(=O)NCC3=NC(=CS3)C(=O)N[C@@H](C4=N[C@H](CS4)C(=O)N1)[C@@H](C)CC","O=C1NC(C2=NC(C(=O)NC(C3=NC(C(=O)NCC4=NC1=CS4)C(O3)C)C(C)CC)CS2)C(C)CC","","N/A","4.02","4.12","N/A","4.37","4.17"
"145","C_MQIAICAGVFTAAN-ZIYJYRAWSA-N","CC[C@H](C)[C@@H]1C2=NC(=CS2)C(=O)N[C@H](C3=N[C@@H]([C@H](O3)C)C(=O)N[C@H](C4=NC(=CO4)C(=O)N1)C(C)C)C","O=C1NC(C2=NC(=CS2)C(=O)NC(C3=NC(C(=O)NC(C4=NC1=CO4)C(C)C)C(O3)C)C)C(C)CC","","N/A","4.14","3.91","N/A","5.76","4.60"
"146","C_QZBXXIUSHVFCNF-ZIYJYRAWSA-N","CC[C@H](C)[C@@H]1C2=NC(=CS2)C(=O)N[C@H](C(=O)N[C@H](C(=O)N[C@H](C3=NC(=CO3)C(=O)N1)C(C)C)[C@@H](C)O)C","O=C1NC(C2=NC(=CS2)C(=O)NC(C(=O)NC(C(=O)NC(C3=NC1=CO3)C(C)C)C(O)C)C)C(C)CC","","N/A","3.96","3.06","N/A","4.29","3.77"
"147","C_ROXJSZHCCCSPST-WKZGWEQNSA-N","CC[C@H]([C@@H]1C(O[C@@H](C)[C@H](NC(CC[C@H](NC([C@H](NC(C)=O)CC2=CC=C(O)C=C2)=O)C(O)=O)=O)C(N[C@@H](CC3=CC=C(O)C=C3)C(N[C@H]4CC[C@@H](O)N([C@@H](C(C)C)C(N(C)[C@@H](CC5=CC=CC=C5)C(N1)=O)=O)C4=O)=O)=O)=O)C","O=C(O)C(NC(=O)C(NC(=O)C)CC1=CC=C(O)C=C1)CCC(=O)NC2C(=O)NC(C(=O)NC3C(=O)N(C(O)CC3)C(C(=O)N(C)C(C(=O)NC(C(=O)OC2C)C(C)CC)CC=4C=CC=CC4)C(C)C)CC5=CC=C(O)C=C5","","N/A","4.66","4.95","N/A","4.11","4.57"
"148","C_JTGYNJHWOAUNEK-HZZFPCBNSA-N","CC[C@@H](C1C(O[C@@H](C)[C@H](NC(CCC(N)C(O)=O)=O)C(N[C@@H](CC2CCC(O)C=C2)C(N[C@H]3CC[C@@H](O)N([C@@H](C(C)C)C(N(C)[C@@H](CC4=CC=CC=C4)C(N1)=O)=O)C3=O)=O)=O)=O)C","O=C(O)C(N)CCC(=O)NC1C(=O)NC(C(=O)NC2C(=O)N(C(O)CC2)C(C(=O)N(C)C(C(=O)NC(C(=O)OC1C)C(C)CC)CC=3C=CC=CC3)C(C)C)CC4C=CC(O)CC4","","N/A","3.47","4.06","N/A","4.11","3.88"
"149","C_SSXIRHWTKBSKKV-DBBDCZJTSA-N","CC(N[C@H](C(NCC(N[C@H](C(N[C@@H]([C@@H](C)OC(C[C@H](NC1=O)C(N[C@@H](CC2=CC(C=CC=C3)=C3N2)C(N[C@@H](CCC(OC[C@@H]1NC4=O)=O)C(N[C@H](C(N[C@@H](CC5=CC=C(O)C=C5)C(O)=O)=O)CCC(NCCCC[C@@H](C(N[C@@H](CC6=CC=C(O)C=C6)C(N7CCC[C@H]74)=O)=O)NC8=O)=O)=O)=O)=O)=O)C(N[C@H]8CC(C)C)=O)=O)[C@H](O)C)=O)=O)CC9=CC=CC=C9)=O","O=C1OCC2NC(=O)C3N(C(=O)C(NC(=O)C4NC(=O)C(NC(=O)C(NC(=O)C(NC(=O)CNC(=O)C(NC(=O)C)CC=5C=CC=CC5)C(O)C)C(OC(=O)CC(NC2=O)C(=O)NC(C(=O)NC(C(=O)NC(C(=O)NC(C(=O)O)CC6=CC=C(O)C=C6)CCC(=O)NCCCC4)CC1)CC7=CC=8C=CC=CC8N7)C)CC(C)C)CC9=CC=C(O)C=C9)CCC3","","N/A","N/A","N/A","N/A","4.31","N/A"
"150","C_WMSHUAZOBJFDIH-MJWXGQQYSA-N","CC(N[C@H](C(NCC(N[C@H](C(N[C@@H]([C@@H](C)OC(C[C@H](NC1=O)C(N[C@@H](CC2=CC(C=CC=C3)=C3N2)C(N[C@@H](CCC(OC)=O)C(N[C@H](C(N[C@@H](CC4=CC=C(O)C=C4)C(O)=O)=O)CCC(NCCCC[C@@H](C(N[C@@H](CC5=CC=C(O)C=C5)C(N6CCC[C@H]6C(N[C@H]1CO)=O)=O)=O)NC7=O)=O)=O)=O)=O)=O)C(N[C@H]7CC(C)C)=O)=O)[C@H](O)C)=O)=O)CC8=CC=CC=C8)=O","O=C(O)C(NC(=O)C1NC(=O)C(NC(=O)C(NC(=O)C2NC(=O)C(NC(=O)C3N(C(=O)C(NC(=O)C(NC(=O)C(NC(=O)C(NC(=O)C(NC(=O)CNC(=O)C(NC(=O)C)CC=4C=CC=CC4)C(O)C)C(OC(=O)C2)C)CC(C)C)CCCCNC(=O)CC1)CC5=CC=C(O)C=C5)CCC3)CO)CC6=CC=7C=CC=CC7N6)CCC(=O)OC)CC8=CC=C(O)C=C8","","N/A","N/A","N/A","N/A","4.31","N/A"
"151","C_WUXSZVRSSSITPJ-LHXUXNRLSA-N","C1=CC=C(C=C1)C[C@H](C(=O)NCCC(=O)N[C@H](CC2=CNC3=CC=CC=C32)[C@H](CC(=O)N[C@H](CCCN=C(N)N)C(=O)N[C@H]([C@@H](C4=CC=CC=C4)O)C(=O)O)O)O","O=C(O)C(NC(=O)C(NC(=O)CC(O)C(NC(=O)CCNC(=O)C(O)CC=1C=CC=CC1)CC2=CNC=3C=CC=CC32)CCCN=C(N)N)C(O)C=4C=CC=CC4","","N/A","3.71","4.45","N/A","4.73","4.30"
"152","C_JQFBTQXBHCKSHR-MVAOMIMOSA-N","C=CC(C)(C)N[C@@H](CC1=CC=CC=C1)C(N[C@@H](CC2=CC=CC=C2)C(N3CCCC3C4=NC(C(OC)=O)=CS4)=O)=O","O=C(OC)C=1N=C(SC1)C2N(C(=O)C(NC(=O)C(NC(C=C)(C)C)CC=3C=CC=CC3)CC=4C=CC=CC4)CCC2","","N/A","4.86","4.71","6.96","5.47","5.50"
"153","C_VQKFDOYHMWYHTG-UOPKXQBNSA-N","C=CC(C)(C)N[C@@H](CC1=CC=CC=C1)C(N[C@@H](CC2=CC=CC=C2)C(N3CCC[C@H]3C(N[C@@H](C4=NC(C(OC)=O)=CS4)C(C)C)=O)=O)=O","O=C(OC)C=1N=C(SC1)C(NC(=O)C2N(C(=O)C(NC(=O)C(NC(C=C)(C)C)CC=3C=CC=CC3)CC=4C=CC=CC4)CCC2)C(C)C","","N/A","5.28","5.03","N/A","4.39","4.90"
"154","C_YCVYNQFZZBCUTC-PIUARTGTSA-N","C[C@H](OC([C@H]([C@H](CC)C)NC([C@H](CC1=CC=CC=C1)N(C)C([C@H](C(C)C)N2C([C@H](CC[C@H]2O)NC3=O)=O)=O)=O)=O)[C@H](NC(CC[C@@H](C(O)=O)NC([C@H](CC4=CC=C(C=C4)O)NC(CCC)=O)=O)=O)C(N[C@H]3CCC(O)=O)=O","O=C(O)CCC1NC(=O)C(NC(=O)CCC(NC(=O)C(NC(=O)CCC)CC2=CC=C(O)C=C2)C(=O)O)C(OC(=O)C(NC(=O)C(N(C(=O)C(N3C(=O)C(NC1=O)CCC3O)C(C)C)C)CC=4C=CC=CC4)C(C)CC)C","","N/A","3.81","4.42","N/A","4.11","4.11"
"155","C_QVFJAFKXTMGGJM-HXWNZHHOSA-N","C[C@H](OC([C@H]([C@H](CC)C)NC([C@H](CC1=CC=CC=C1)N(C)C([C@H](C(C)C)N2C([C@H](CC[C@H]2O)NC3=O)=O)=O)=O)=O)[C@H](NC(CC[C@@H](C(O)=O)NC([C@H](CC4=CC=C(C=C4)O)NC(CCC)=O)=O)=O)C(N[C@H]3CC5=CC=C(C=C5)O)=O","O=C(O)C(NC(=O)C(NC(=O)CCC)CC1=CC=C(O)C=C1)CCC(=O)NC2C(=O)NC(C(=O)NC3C(=O)N(C(O)CC3)C(C(=O)N(C)C(C(=O)NC(C(=O)OC2C)C(C)CC)CC=4C=CC=CC4)C(C)C)CC5=CC=C(O)C=C5","","N/A","5.00","5.47","N/A","4.11","4.86"
"156","C_HVAAQTDXUSPMLD-IGCJTOBOSA-N","C[C@H](OC([C@H]([C@H](CC)C)NC([C@H](CC1=CC=CC=C1)N(C)C([C@H](C(C)C)N2C([C@H](CC[C@H]2O)NC3=O)=O)=O)=O)=O)[C@H](NC(CC[C@@H](C(O)=O)NC([C@H](CC4=CC=C(C=C4)O)NC(CCC)=O)=O)=O)C(N[C@H]3CC(C)C)=O","O=C(O)C(NC(=O)C(NC(=O)CCC)CC1=CC=C(O)C=C1)CCC(=O)NC2C(=O)NC(C(=O)NC3C(=O)N(C(O)CC3)C(C(=O)N(C)C(C(=O)NC(C(=O)OC2C)C(C)CC)CC=4C=CC=CC4)C(C)C)CC(C)C","","N/A","4.57","5.08","N/A","4.11","4.59"
"157","C_SZGKSIQFXTWZJY-XNLLDMJTSA-N","C[C@H]([C@H]1C(=O)N2CCC[C@H]2C(=O)N3[C@@H](C[C@@]4([C@H]3NC5=CC=CC=C54)CC=C(C)C)C(=O)N[C@@H](C(=O)N[C@H](C(=O)NCC(=O)N[C@H](C(=O)N[C@H](C(=O)N[C@H](C(=O)N6[C@@H](C[C@@]7([C@H]6NC8=CC=CC=C87)CC=C(C)C)C(=O)N[C@H](C(=O)N1)CO)CC(=O)N)CC(=O)N)CC(=O)O)CC(=O)N)CC(C)C)O","O=C(O)CC1NC(=O)CNC(=O)C(NC(=O)C(NC(=O)C2N(C(=O)C3N(C(=O)C(NC(=O)C(NC(=O)C4N(C(=O)C(NC(=O)C(NC1=O)CC(=O)N)CC(=O)N)C5NC=6C=CC=CC6C5(CC=C(C)C)C4)CO)C(O)C)CCC3)C7NC=8C=CC=CC8C7(CC=C(C)C)C2)CC(C)C)CC(=O)N","","N/A","N/A","N/A","N/A","4.31","N/A"
"158","C_MLBROOJXUZKDHY-PKPICYNOSA-N","C[C@@H]1[C@H]2C(=O)NCC3=NC(=CS3)C(=O)N[C@H](C4=N[C@@H](CS4)C(=O)N[C@H](C(=N2)O1)CC5=CC=CC=C5)CCSC","O=C1NC(C2=NC(C(=O)NC(C3=NC(C(=O)NCC4=NC1=CS4)C(O3)C)CC=5C=CC=CC5)CS2)CCSC","","N/A","4.04","3.63","N/A","4.83","4.17"
"159","C_AFDPMSAJJZIIQX-DMGAWOCMSA-N","C[C@@H](O)[C@H]1C(N2CCC[C@H]2C(N[C@@H](CC3=CNC4=CC=CC=C43)C(N[C@@H](CC(C)C)C(N[C@@H](CC(N)=O)C(NCC(N[C@@H](CC(O)=O)C(N[C@@H](CC(N)=O)C(N[C@@H](CC(N)=O)C(N[C@@H](CC5=CNC6=CC=CC=C65)C(N[C@@H](CO)C(N1)=O)=O)=O)=O)=O)=O)=O)=O)=O)=O)=O","O=C(O)CC1NC(=O)CNC(=O)C(NC(=O)C(NC(=O)C(NC(=O)C2N(C(=O)C(NC(=O)C(NC(=O)C(NC(=O)C(NC(=O)C(NC1=O)CC(=O)N)CC(=O)N)CC3=CNC=4C=CC=CC43)CO)C(O)C)CCC2)CC5=CNC=6C=CC=CC65)CC(C)C)CC(=O)N","","N/A","N/A","N/A","N/A","4.31","N/A"
"160","C_FZNIATZASYIKQE-KRJWMNQKSA-N","C[C@@H](NC([C@@H](N(C([C@@H](NC)CCCNC(NC/C=C(CC/C=C(C)\C)/C)=N)=O)C)CCCNC(NC/C=C(C)/C)=N)=O)[C@H](OS(=O)(O)=O)C1=CC(COS(=O)(O)=O)=C(OS(=O)(O)=O)C=C1","O=C(NC(C)C(OS(=O)(=O)O)C1=CC=C(OS(=O)(=O)O)C(=C1)COS(=O)(=O)O)C(N(C(=O)C(NC)CCCNC(=N)NCC=C(C)CCC=C(C)C)C)CCCNC(=N)NCC=C(C)C","","N/A","N/A","N/A","N/A","N/A","N/A"
"161","C_PFBNCGWLTHYUQJ-VPQOBCRSSA-N","C[C@@H](\C=C(/C)\C=C\[C@@H]1NC(=O)[C@H](CCCNC(=N)N)NC(=O)C[C@@H](NC(=O)[C@H](CC(C)C)NC(=O)[C@@H](CO)NC(=O)C(=C)NC(=O)CC[C@@H](NC(=O)[C@H]1C)C(=O)O)C(=O)O)[C@H](Cc1ccccc1)OC","O=C(O)C1NC(=O)C(NC(=O)C(NC(=O)C(=C)NC(=O)CCC(NC(=O)C(C)C(C=CC(=CC(C)C(OC)CC=2C=CC=CC2)C)NC(=O)C(NC(=O)C1)CCCNC(=N)N)C(=O)O)CO)CC(C)C","","N/A","2.88","3.69","N/A","4.11","3.56"
"162","C_KCMMTAKLPUUDDC-PWVVLFCASA-N","C/C(CCC(O)C(C)=C)=C/CNC(NCCC[C@H](NC)C(N([C@H](C(N[C@H](C)[C@H](OS(=O)(O)=O)C1=CC=C(OS(=O)(O)=O)C(COS(=O)(O)=O)=C1)=O)CCCNC(NC/C=C(C)/C)=N)C)=O)=N","O=C(NC(C)C(OS(=O)(=O)O)C1=CC=C(OS(=O)(=O)O)C(=C1)COS(=O)(=O)O)C(N(C(=O)C(NC)CCCNC(=N)NCC=C(C)CCC(O)C(=C)C)C)CCCNC(=N)NCC=C(C)C","","N/A","N/A","N/A","N/A","N/A","N/A"
"163","C_MONOMZXDURAAAV-BKCMZVEJSA-N","CCCCC(CCCC[C@H](C)[C@H](C1=CC(=CC(=C1)O)O)OC(=O)C)Cl","O=C(OC(C=1C=C(O)C=C(O)C1)C(C)CCCCC(Cl)CCCC)C","","N/A","5.11","6.04","6.42","4.74","5.57"
"164","C_GTRRNAAYKNENPF-ZQUJOIDOSA-N","CCCC[C@@H](CCCC[C@H](C)[C@H](C1=CC(=CC(=C1)O)O)OC(=O)C)C2=C(C=C(C=C2O)[C@@H]([C@@H](C)CCCCC(CCCC)Cl)OC(=O)C)O","O=C(OC(C=1C=C(O)C=C(O)C1)C(C)CCCCC(C2=C(O)C=C(C=C2O)C(OC(=O)C)C(C)CCCCC(Cl)CCCC)CCCC)C","","N/A","7.88","9.11","N/A","4.20","7.06"
"165","C_OALOPYYRKWCJGW-KIWBYYFGSA-N","CCCC[C@@H](CCCC[C@H](C)[C@H](C1=CC(=CC(=C1)O)O)OC(=O)C)C2=C(C=C(C=C2O)[C@@H]([C@@H](C)CCCCC(CCCC)Cl)O)O","O=C(OC(C=1C=C(O)C=C(O)C1)C(C)CCCCC(C2=C(O)C=C(C=C2O)C(O)C(C)CCCCC(Cl)CCCC)CCCC)C","","N/A","7.47","8.54","N/A","4.20","6.74"
"166","C_XZQILKYKJYHEHD-JTQLQIEISA-N","COC1=C(NCC(O)=O)C[C@](CO)(O)CC1=O","O=C(O)CNC1=C(OC)C(=O)CC(O)(CO)C1","","N/A","3.74","2.88","2.74","N/A","3.12"
"167","C_OCPGDSBMGHZPQN-ZFHRVURNSA-O","OC(CC(O)C1N=C(C2=CC=CC=C2O)OC1)CC(N[C@@H]([C@H](O)C)C(N[C@H](CO)C(N[C@@H](CO)C(NC3CC(C=C(O)C(O)=C4)=C4[N+](C)(C)C3)=O)=O)=O)=O","O=C(NC(C(=O)NC(C(=O)NC(C(=O)NC1CC2=CC(O)=C(O)C=C2[N+](C)(C)C1)CO)CO)C(O)C)CC(O)CC(O)C3N=C(OC3)C=4C=CC=CC4O","","N/A","N/A","N/A","N/A","4.11","N/A"
"168","C_BXTHEZGZPKLTGV-YCBLZRCGSA-O","OC(CC(N[C@@H]([C@H](O)C)C(N[C@H](CO)C(N[C@@H](CO)C(NC1CC(C=C(O)C(O)=C2)=C2[N+](C)(C)C1)=O)=O)=O)=O)CC3OC(C4=CC=CC=C4O)=NC3CO","O=C(NC(C(=O)NC(C(=O)NC(C(=O)NC1CC2=CC(O)=C(O)C=C2[N+](C)(C)C1)CO)CO)C(O)C)CC(O)CC3OC(=NC3CO)C=4C=CC=CC4O","","N/A","N/A","N/A","N/A","3.78","N/A"
"169","35418-52-1","O=C(CC(CC(NCCCN(C(C)=O)O)=O)(C(O)=O)O)NCCCN(C(C)=O)O","O=C(O)C(O)(CC(=O)NCCCN(O)C(=O)C)CC(=O)NCCCN(O)C(=O)C","","N/A","N/A","N/A","N/A","3.90","N/A"
"170","C_ZKDJPRDXYUPPEK-KUGPAYIISA-N","CC(N[C@H]1CC/C(C=C1)=C/[C@H](NC([C@@H](NC(C)=O)/C=C2CC[C@@H](N)C=C\2)=O)C(O)=O)=O","O=C(O)C(C=C1C=CC(NC(=O)C)CC1)NC(=O)C(C=C2C=CC(N)CC2)NC(=O)C","","N/A","2.54","3.76","N/A","4.16","3.49"
"171","C_JWQCETJJOVMVED-QFDQEAMISA-N","C[C@H]1[C@H]([C@H]([C@@H](C(O1)O[C@@H](CC/C(=C/C=C/C(=C/C=C/C(=C/C=C/C=C(\C)/C=C/C=C(\C)/C=C/C2=C(C[C@H](CC2(C)C)O)C)/C)/C)/C)C(C)(C)O)O)O)O","OC1CC(=C(C=CC(=CC=CC(=CC=CC=C(C=CC=C(C=CC=C(C)CCC(OC2OC(C)C(O)C(O)C2O)C(O)(C)C)C)C)C)C)C(C)(C)C1)C","","N/A","4.92","9.42","N/A","4.03","6.12"
"172","C_FYKICBMSBYHBDI-CZUCUDRGSA-N","C[C@H]1[C@H]([C@H]([C@@H](C(O1)O[C@@H](CC/C(=C/C=C/C(=C/C=C/C(=C/C=C/C=C(\C)/C=C/C=C(\C)/C=C/C2=C(C(=O)[C@H](CC2(C)C)O)C)/C)/C)/C)C(C)(C)O)O)O)O","O=C1C(=C(C=CC(=CC=CC(=CC=CC=C(C=CC=C(C=CC=C(C)CCC(OC2OC(C)C(O)C(O)C2O)C(O)(C)C)C)C)C)C)C(C)(C)CC1O)C","","N/A","6.79","9.19","N/A","4.03","6.67"
